bobbobson	asdf	Bob Bobson	8015551212	bob@bobbobson.com	555 Main St	Boblandia	CT	10900	33	
dullestucker01	asdf	Bobby Bobson	8015551212	bob@bobbobson.com	555 Main St	Boblandia	CT	10900	33	
robbobson	asdf	Robert Bobson	8015551212	bob@bobbobson.com	303 Main St	Boblandia	CT	10900	33	
georgegeorgeson	asdf	George	Georgeson	8016661212	george@georgegeorgeson.com	555 L St	Georgelandia	CT	10900	36
lambsear	asdf	George Georgeson	8016661212	george@georgegeorgeson.com	555 L St	Georgelandia	CT	10900	36	
joegeorgeson	Joe Georgeson	8016661212	george@georgegeorgeson.com	555 L St	Georgelandia	CT	10900	36		
carlcarlson	asdf	Carl Carlson	8014441212	carl@carlcarlson.com	555 State St	Carllandia	CT	10900	44	
dullestucker02	asdf	Carls Carlson	8014441212	carl@carlcarlson.com	555 State St	Carllandia	CT	10900	44	
clartoncarlson	asdf	Carlton Carlson	8014441212	carl@carlcarlson.com	303 State St	Carllandia	CT	10900	44	
vicvickson	Vic Vickson	8013331212	vic@vicvickson.com	555 High St	Vicklandia	CT	10900	55		
dullestucker03	asdf	Vicker Vickson	8013331212	vic@vicvickson.com	555 High St	Vicklandia	CT	10900	55	
victorvickson	asdf	Victor Vickson	8013331212	vic@vicvickson.com	303 High St	Vicklandia	CT	10900	55	
caroldemure	Carol Demure	8012221212	carol@caroldemure.com	555 J St	Carollandia	CT	10900	66		
carolinedemure	asdf	Caroline Demure	8012221212	carol@caroldemure.com	303 J St	Carollandia	CT	10900	66	
jaymccardiovascular	asdf	Jay	McCardioVascular	8011111212	jay@exercisealot.com	555 K St	Cardiolandia	CT	10900	77
bobbobson	asdf	Bob Bobson	8015551212	bob@bobbobson.com	555 Main St	Boblandia	CT	10900	33	
dullestucker01	asdf	Bobby Bobson	8015551212	bob@bobbobson.com	555 Main St	Boblandia	CT	10900	33	
robbobson	asdf	Robert Bobson	8015551212	bob@bobbobson.com	303 Main St	Boblandia	CT	10900	33	
georgegeorgeson	asdf	George	Georgeson	8016661212	george@georgegeorgeson.com	555 L St	Georgelandia	CT	10900	36
lambsear	asdf	George Georgeson	8016661212	george@georgegeorgeson.com	555 L St	Georgelandia	CT	10900	36	
joegeorgeson	Joe Georgeson	8016661212	george@georgegeorgeson.com	555 L St	Georgelandia	CT	10900	36		
carlcarlson	asdf	Carl Carlson	8014441212	carl@carlcarlson.com	555 State St	Carllandia	CT	10900	44	
dullestucker02	asdf	Carls Carlson	8014441212	carl@carlcarlson.com	555 State St	Carllandia	CT	10900	44	
clartoncarlson	asdf	Carlton Carlson	8014441212	carl@carlcarlson.com	303 State St	Carllandia	CT	10900	44	
vicvickson	Vic Vickson	8013331212	vic@vicvickson.com	555 High St	Vicklandia	CT	10900	55		
dullestucker03	asdf	Vicker Vickson	8013331212	vic@vicvickson.com	555 High St	Vicklandia	CT	10900	55	
victorvickson	asdf	Victor Vickson	8013331212	vic@vicvickson.com	303 High St	Vicklandia	CT	10900	55	
caroldemure	Carol Demure	8012221212	carol@caroldemure.com	555 J St	Carollandia	CT	10900	66		
carolinedemure	asdf	Caroline Demure	8012221212	carol@caroldemure.com	303 J St	Carollandia	CT	10900	66	
jaymccardiovascular	asdf	Jay	McCardioVascular	8011111212	jay@exercisealot.com	555 K St	Cardiolandia	CT	10900	77
bobbobson	asdf	Bob Bobson	8015551212	bob@bobbobson.com	555 Main St	Boblandia	CT	10900	33	
dullestucker01	asdf	Bobby Bobson	8015551212	bob@bobbobson.com	555 Main St	Boblandia	CT	10900	33	
robbobson	asdf	Robert Bobson	8015551212	bob@bobbobson.com	303 Main St	Boblandia	CT	10900	33	
georgegeorgeson	asdf	George	Georgeson	8016661212	george@georgegeorgeson.com	555 L St	Georgelandia	CT	10900	36
lambsear	asdf	George Georgeson	8016661212	george@georgegeorgeson.com	555 L St	Georgelandia	CT	10900	36	
joegeorgeson	Joe Georgeson	8016661212	george@georgegeorgeson.com	555 L St	Georgelandia	CT	10900	36		
carlcarlson	asdf	Carl Carlson	8014441212	carl@carlcarlson.com	555 State St	Carllandia	CT	10900	44	
dullestucker02	asdf	Carls Carlson	8014441212	carl@carlcarlson.com	555 State St	Carllandia	CT	10900	44	
clartoncarlson	asdf	Carlton Carlson	8014441212	carl@carlcarlson.com	303 State St	Carllandia	CT	10900	44	
vicvickson	Vic Vickson	8013331212	vic@vicvickson.com	555 High St	Vicklandia	CT	10900	55		
dullestucker03	asdf	Vicker Vickson	8013331212	vic@vicvickson.com	555 High St	Vicklandia	CT	10900	55	
victorvickson	asdf	Victor Vickson	8013331212	vic@vicvickson.com	303 High St	Vicklandia	CT	10900	55	
caroldemure	Carol Demure	8012221212	carol@caroldemure.com	555 J St	Carollandia	CT	10900	66		
carolinedemure	asdf	Caroline Demure	8012221212	carol@caroldemure.com	303 J St	Carollandia	CT	10900	66	
jaymccardiovascular	asdf	Jay	McCardioVascular	8011111212	jay@exercisealot.com	555 K St	Cardiolandia	CT	10900	77
bobbobson	asdf	Bob Bobson	8015551212	bob@bobbobson.com	555 Main St	Boblandia	CT	10900	33	
dullestucker01	asdf	Bobby Bobson	8015551212	bob@bobbobson.com	555 Main St	Boblandia	CT	10900	33	
robbobson	asdf	Robert Bobson	8015551212	bob@bobbobson.com	303 Main St	Boblandia	CT	10900	33	
georgegeorgeson	asdf	George	Georgeson	8016661212	george@georgegeorgeson.com	555 L St	Georgelandia	CT	10900	36
lambsear	asdf	George Georgeson	8016661212	george@georgegeorgeson.com	555 L St	Georgelandia	CT	10900	36	
joegeorgeson	Joe Georgeson	8016661212	george@georgegeorgeson.com	555 L St	Georgelandia	CT	10900	36		
carlcarlson	asdf	Carl Carlson	8014441212	carl@carlcarlson.com	555 State St	Carllandia	CT	10900	44	
dullestucker02	asdf	Carls Carlson	8014441212	carl@carlcarlson.com	555 State St	Carllandia	CT	10900	44	
clartoncarlson	asdf	Carlton Carlson	8014441212	carl@carlcarlson.com	303 State St	Carllandia	CT	10900	44	
vicvickson	Vic Vickson	8013331212	vic@vicvickson.com	555 High St	Vicklandia	CT	10900	55		
dullestucker03	asdf	Vicker Vickson	8013331212	vic@vicvickson.com	555 High St	Vicklandia	CT	10900	55	
victorvickson	asdf	Victor Vickson	8013331212	vic@vicvickson.com	303 High St	Vicklandia	CT	10900	55	
caroldemure	Carol Demure	8012221212	carol@caroldemure.com	555 J St	Carollandia	CT	10900	66		
carolinedemure	asdf	Caroline Demure	8012221212	carol@caroldemure.com	303 J St	Carollandia	CT	10900	66	
jaymccardiovascular	asdf	Jay	McCardioVascular	8011111212	jay@exercisealot.com	555 K St	Cardiolandia	CT	10900	77
bobbobson	asdf	Bob Bobson	8015551212	bob@bobbobson.com	555 Main St	Boblandia	CT	10900	33	
dullestucker01	asdf	Bobby Bobson	8015551212	bob@bobbobson.com	555 Main St	Boblandia	CT	10900	33	
robbobson	asdf	Robert Bobson	8015551212	bob@bobbobson.com	303 Main St	Boblandia	CT	10900	33	
georgegeorgeson	asdf	George	Georgeson	8016661212	george@georgegeorgeson.com	555 L St	Georgelandia	CT	10900	36
lambsear	asdf	George Georgeson	8016661212	george@georgegeorgeson.com	555 L St	Georgelandia	CT	10900	36	
joegeorgeson	Joe Georgeson	8016661212	george@georgegeorgeson.com	555 L St	Georgelandia	CT	10900	36		
carlcarlson	asdf	Carl Carlson	8014441212	carl@carlcarlson.com	555 State St	Carllandia	CT	10900	44	
dullestucker02	asdf	Carls Carlson	8014441212	carl@carlcarlson.com	555 State St	Carllandia	CT	10900	44	
clartoncarlson	asdf	Carlton Carlson	8014441212	carl@carlcarlson.com	303 State St	Carllandia	CT	10900	44	
vicvickson	Vic Vickson	8013331212	vic@vicvickson.com	555 High St	Vicklandia	CT	10900	55		
dullestucker03	asdf	Vicker Vickson	8013331212	vic@vicvickson.com	555 High St	Vicklandia	CT	10900	55	
victorvickson	asdf	Victor Vickson	8013331212	vic@vicvickson.com	303 High St	Vicklandia	CT	10900	55	
caroldemure	Carol Demure	8012221212	carol@caroldemure.com	555 J St	Carollandia	CT	10900	66		
carolinedemure	asdf	Caroline Demure	8012221212	carol@caroldemure.com	303 J St	Carollandia	CT	10900	66	
jaymccardiovascular	asdf	Jay	McCardioVascular	8011111212	jay@exercisealot.com	555 K St	Cardiolandia	CT	10900	77
bobbobson	asdf	Bob Bobson	8015551212	bob@bobbobson.com	555 Main St	Boblandia	CT	10900	33	
dullestucker01	asdf	Bobby Bobson	8015551212	bob@bobbobson.com	555 Main St	Boblandia	CT	10900	33	
robbobson	asdf	Robert Bobson	8015551212	bob@bobbobson.com	303 Main St	Boblandia	CT	10900	33	
georgegeorgeson	asdf	George	Georgeson	8016661212	george@georgegeorgeson.com	555 L St	Georgelandia	CT	10900	36
lambsear	asdf	George Georgeson	8016661212	george@georgegeorgeson.com	555 L St	Georgelandia	CT	10900	36	
joegeorgeson	Joe Georgeson	8016661212	george@georgegeorgeson.com	555 L St	Georgelandia	CT	10900	36		
carlcarlson	asdf	Carl Carlson	8014441212	carl@carlcarlson.com	555 State St	Carllandia	CT	10900	44	
dullestucker02	asdf	Carls Carlson	8014441212	carl@carlcarlson.com	555 State St	Carllandia	CT	10900	44	
clartoncarlson	asdf	Carlton Carlson	8014441212	carl@carlcarlson.com	303 State St	Carllandia	CT	10900	44	
vicvickson	Vic Vickson	8013331212	vic@vicvickson.com	555 High St	Vicklandia	CT	10900	55		
dullestucker03	asdf	Vicker Vickson	8013331212	vic@vicvickson.com	555 High St	Vicklandia	CT	10900	55	
victorvickson	asdf	Victor Vickson	8013331212	vic@vicvickson.com	303 High St	Vicklandia	CT	10900	55	
caroldemure	Carol Demure	8012221212	carol@caroldemure.com	555 J St	Carollandia	CT	10900	66		
carolinedemure	asdf	Caroline Demure	8012221212	carol@caroldemure.com	303 J St	Carollandia	CT	10900	66	
jaymccardiovascular	asdf	Jay	McCardioVascular	8011111212	jay@exercisealot.com	555 K St	Cardiolandia	CT	10900	77
bobbobson	asdf	Bob Bobson	8015551212	bob@bobbobson.com	555 Main St	Boblandia	CT	10900	33	
dullestucker01	asdf	Bobby Bobson	8015551212	bob@bobbobson.com	555 Main St	Boblandia	CT	10900	33	
robbobson	asdf	Robert Bobson	8015551212	bob@bobbobson.com	303 Main St	Boblandia	CT	10900	33	
georgegeorgeson	asdf	George	Georgeson	8016661212	george@georgegeorgeson.com	555 L St	Georgelandia	CT	10900	36
lambsear	asdf	George Georgeson	8016661212	george@georgegeorgeson.com	555 L St	Georgelandia	CT	10900	36	
joegeorgeson	Joe Georgeson	8016661212	george@georgegeorgeson.com	555 L St	Georgelandia	CT	10900	36		
carlcarlson	asdf	Carl Carlson	8014441212	carl@carlcarlson.com	555 State St	Carllandia	CT	10900	44	
dullestucker02	asdf	Carls Carlson	8014441212	carl@carlcarlson.com	555 State St	Carllandia	CT	10900	44	
clartoncarlson	asdf	Carlton Carlson	8014441212	carl@carlcarlson.com	303 State St	Carllandia	CT	10900	44	
vicvickson	Vic Vickson	8013331212	vic@vicvickson.com	555 High St	Vicklandia	CT	10900	55		
dullestucker03	asdf	Vicker Vickson	8013331212	vic@vicvickson.com	555 High St	Vicklandia	CT	10900	55	
victorvickson	asdf	Victor Vickson	8013331212	vic@vicvickson.com	303 High St	Vicklandia	CT	10900	55	
caroldemure	Carol Demure	8012221212	carol@caroldemure.com	555 J St	Carollandia	CT	10900	66		
carolinedemure	asdf	Caroline Demure	8012221212	carol@caroldemure.com	303 J St	Carollandia	CT	10900	66	
jaymccardiovascular	asdf	Jay	McCardioVascular	8011111212	jay@exercisealot.com	555 K St	Cardiolandia	CT	10900	77
bobbobson	asdf	Bob Bobson	8015551212	bob@bobbobson.com	555 Main St	Boblandia	CT	10900	33	
dullestucker01	asdf	Bobby Bobson	8015551212	bob@bobbobson.com	555 Main St	Boblandia	CT	10900	33	
robbobson	asdf	Robert Bobson	8015551212	bob@bobbobson.com	303 Main St	Boblandia	CT	10900	33	
georgegeorgeson	asdf	George	Georgeson	8016661212	george@georgegeorgeson.com	555 L St	Georgelandia	CT	10900	36
lambsear	asdf	George Georgeson	8016661212	george@georgegeorgeson.com	555 L St	Georgelandia	CT	10900	36	
joegeorgeson	Joe Georgeson	8016661212	george@georgegeorgeson.com	555 L St	Georgelandia	CT	10900	36		
carlcarlson	asdf	Carl Carlson	8014441212	carl@carlcarlson.com	555 State St	Carllandia	CT	10900	44	
dullestucker02	asdf	Carls Carlson	8014441212	carl@carlcarlson.com	555 State St	Carllandia	CT	10900	44	
clartoncarlson	asdf	Carlton Carlson	8014441212	carl@carlcarlson.com	303 State St	Carllandia	CT	10900	44	
vicvickson	Vic Vickson	8013331212	vic@vicvickson.com	555 High St	Vicklandia	CT	10900	55		
dullestucker03	asdf	Vicker Vickson	8013331212	vic@vicvickson.com	555 High St	Vicklandia	CT	10900	55	
victorvickson	asdf	Victor Vickson	8013331212	vic@vicvickson.com	303 High St	Vicklandia	CT	10900	55	
caroldemure	Carol Demure	8012221212	carol@caroldemure.com	555 J St	Carollandia	CT	10900	66		
carolinedemure	asdf	Caroline Demure	8012221212	carol@caroldemure.com	303 J St	Carollandia	CT	10900	66	
jaymccardiovascular	asdf	Jay	McCardioVascular	8011111212	jay@exercisealot.com	555 K St	Cardiolandia	CT	10900	77
bobbobson	asdf	Bob Bobson	8015551212	bob@bobbobson.com	555 Main St	Boblandia	CT	10900	33	
dullestucker01	asdf	Bobby Bobson	8015551212	bob@bobbobson.com	555 Main St	Boblandia	CT	10900	33	
robbobson	asdf	Robert Bobson	8015551212	bob@bobbobson.com	303 Main St	Boblandia	CT	10900	33	
georgegeorgeson	asdf	George	Georgeson	8016661212	george@georgegeorgeson.com	555 L St	Georgelandia	CT	10900	36
lambsear	asdf	George Georgeson	8016661212	george@georgegeorgeson.com	555 L St	Georgelandia	CT	10900	36	
joegeorgeson	Joe Georgeson	8016661212	george@georgegeorgeson.com	555 L St	Georgelandia	CT	10900	36		
carlcarlson	asdf	Carl Carlson	8014441212	carl@carlcarlson.com	555 State St	Carllandia	CT	10900	44	
dullestucker02	asdf	Carls Carlson	8014441212	carl@carlcarlson.com	555 State St	Carllandia	CT	10900	44	
clartoncarlson	asdf	Carlton Carlson	8014441212	carl@carlcarlson.com	303 State St	Carllandia	CT	10900	44	
vicvickson	Vic Vickson	8013331212	vic@vicvickson.com	555 High St	Vicklandia	CT	10900	55		
dullestucker03	asdf	Vicker Vickson	8013331212	vic@vicvickson.com	555 High St	Vicklandia	CT	10900	55	
victorvickson	asdf	Victor Vickson	8013331212	vic@vicvickson.com	303 High St	Vicklandia	CT	10900	55	
caroldemure	Carol Demure	8012221212	carol@caroldemure.com	555 J St	Carollandia	CT	10900	66		
carolinedemure	asdf	Caroline Demure	8012221212	carol@caroldemure.com	303 J St	Carollandia	CT	10900	66	
jaymccardiovascular	asdf	Jay	McCardioVascular	8011111212	jay@exercisealot.com	555 K St	Cardiolandia	CT	10900	77
bobbobson	asdf	Bob Bobson	8015551212	bob@bobbobson.com	555 Main St	Boblandia	CT	10900	33	
dullestucker01	asdf	Bobby Bobson	8015551212	bob@bobbobson.com	555 Main St	Boblandia	CT	10900	33	
robbobson	asdf	Robert Bobson	8015551212	bob@bobbobson.com	303 Main St	Boblandia	CT	10900	33	
georgegeorgeson	asdf	George	Georgeson	8016661212	george@georgegeorgeson.com	555 L St	Georgelandia	CT	10900	36
lambsear	asdf	George Georgeson	8016661212	george@georgegeorgeson.com	555 L St	Georgelandia	CT	10900	36	
joegeorgeson	Joe Georgeson	8016661212	george@georgegeorgeson.com	555 L St	Georgelandia	CT	10900	36		
carlcarlson	asdf	Carl Carlson	8014441212	carl@carlcarlson.com	555 State St	Carllandia	CT	10900	44	
dullestucker02	asdf	Carls Carlson	8014441212	carl@carlcarlson.com	555 State St	Carllandia	CT	10900	44	
clartoncarlson	asdf	Carlton Carlson	8014441212	carl@carlcarlson.com	303 State St	Carllandia	CT	10900	44	
vicvickson	Vic Vickson	8013331212	vic@vicvickson.com	555 High St	Vicklandia	CT	10900	55		
dullestucker03	asdf	Vicker Vickson	8013331212	vic@vicvickson.com	555 High St	Vicklandia	CT	10900	55	
victorvickson	asdf	Victor Vickson	8013331212	vic@vicvickson.com	303 High St	Vicklandia	CT	10900	55	
caroldemure	Carol Demure	8012221212	carol@caroldemure.com	555 J St	Carollandia	CT	10900	66		
carolinedemure	asdf	Caroline Demure	8012221212	carol@caroldemure.com	303 J St	Carollandia	CT	10900	66	
jaymccardiovascular	asdf	Jay	McCardioVascular	8011111212	jay@exercisealot.com	555 K St	Cardiolandia	CT	10900	77
bobbobson	asdf	Bob Bobson	8015551212	bob@bobbobson.com	555 Main St	Boblandia	CT	10900	33	
dullestucker01	asdf	Bobby Bobson	8015551212	bob@bobbobson.com	555 Main St	Boblandia	CT	10900	33	
robbobson	asdf	Robert Bobson	8015551212	bob@bobbobson.com	303 Main St	Boblandia	CT	10900	33	
georgegeorgeson	asdf	George	Georgeson	8016661212	george@georgegeorgeson.com	555 L St	Georgelandia	CT	10900	36
lambsear	asdf	George Georgeson	8016661212	george@georgegeorgeson.com	555 L St	Georgelandia	CT	10900	36	
joegeorgeson	Joe Georgeson	8016661212	george@georgegeorgeson.com	555 L St	Georgelandia	CT	10900	36		
carlcarlson	asdf	Carl Carlson	8014441212	carl@carlcarlson.com	555 State St	Carllandia	CT	10900	44	
dullestucker02	asdf	Carls Carlson	8014441212	carl@carlcarlson.com	555 State St	Carllandia	CT	10900	44	
clartoncarlson	asdf	Carlton Carlson	8014441212	carl@carlcarlson.com	303 State St	Carllandia	CT	10900	44	
vicvickson	Vic Vickson	8013331212	vic@vicvickson.com	555 High St	Vicklandia	CT	10900	55		
dullestucker03	asdf	Vicker Vickson	8013331212	vic@vicvickson.com	555 High St	Vicklandia	CT	10900	55	
victorvickson	asdf	Victor Vickson	8013331212	vic@vicvickson.com	303 High St	Vicklandia	CT	10900	55	
caroldemure	Carol Demure	8012221212	carol@caroldemure.com	555 J St	Carollandia	CT	10900	66		
carolinedemure	asdf	Caroline Demure	8012221212	carol@caroldemure.com	303 J St	Carollandia	CT	10900	66	
jaymccardiovascular	asdf	Jay	McCardioVascular	8011111212	jay@exercisealot.com	555 K St	Cardiolandia	CT	10900	77
bobbobson	asdf	Bob Bobson	8015551212	bob@bobbobson.com	555 Main St	Boblandia	CT	10900	33	
dullestucker01	asdf	Bobby Bobson	8015551212	bob@bobbobson.com	555 Main St	Boblandia	CT	10900	33	
robbobson	asdf	Robert Bobson	8015551212	bob@bobbobson.com	303 Main St	Boblandia	CT	10900	33	
georgegeorgeson	asdf	George	Georgeson	8016661212	george@georgegeorgeson.com	555 L St	Georgelandia	CT	10900	36
lambsear	asdf	George Georgeson	8016661212	george@georgegeorgeson.com	555 L St	Georgelandia	CT	10900	36	
joegeorgeson	Joe Georgeson	8016661212	george@georgegeorgeson.com	555 L St	Georgelandia	CT	10900	36		
carlcarlson	asdf	Carl Carlson	8014441212	carl@carlcarlson.com	555 State St	Carllandia	CT	10900	44	
dullestucker02	asdf	Carls Carlson	8014441212	carl@carlcarlson.com	555 State St	Carllandia	CT	10900	44	
clartoncarlson	asdf	Carlton Carlson	8014441212	carl@carlcarlson.com	303 State St	Carllandia	CT	10900	44	
vicvickson	Vic Vickson	8013331212	vic@vicvickson.com	555 High St	Vicklandia	CT	10900	55		
dullestucker03	asdf	Vicker Vickson	8013331212	vic@vicvickson.com	555 High St	Vicklandia	CT	10900	55	
victorvickson	asdf	Victor Vickson	8013331212	vic@vicvickson.com	303 High St	Vicklandia	CT	10900	55	
caroldemure	Carol Demure	8012221212	carol@caroldemure.com	555 J St	Carollandia	CT	10900	66		
carolinedemure	asdf	Caroline Demure	8012221212	carol@caroldemure.com	303 J St	Carollandia	CT	10900	66	
jaymccardiovascular	asdf	Jay	McCardioVascular	8011111212	jay@exercisealot.com	555 K St	Cardiolandia	CT	10900	77
bobbobson	asdf	Bob Bobson	8015551212	bob@bobbobson.com	555 Main St	Boblandia	CT	10900	33	
dullestucker01	asdf	Bobby Bobson	8015551212	bob@bobbobson.com	555 Main St	Boblandia	CT	10900	33	
robbobson	asdf	Robert Bobson	8015551212	bob@bobbobson.com	303 Main St	Boblandia	CT	10900	33	
georgegeorgeson	asdf	George	Georgeson	8016661212	george@georgegeorgeson.com	555 L St	Georgelandia	CT	10900	36
lambsear	asdf	George Georgeson	8016661212	george@georgegeorgeson.com	555 L St	Georgelandia	CT	10900	36	
joegeorgeson	Joe Georgeson	8016661212	george@georgegeorgeson.com	555 L St	Georgelandia	CT	10900	36		
carlcarlson	asdf	Carl Carlson	8014441212	carl@carlcarlson.com	555 State St	Carllandia	CT	10900	44	
dullestucker02	asdf	Carls Carlson	8014441212	carl@carlcarlson.com	555 State St	Carllandia	CT	10900	44	
clartoncarlson	asdf	Carlton Carlson	8014441212	carl@carlcarlson.com	303 State St	Carllandia	CT	10900	44	
vicvickson	Vic Vickson	8013331212	vic@vicvickson.com	555 High St	Vicklandia	CT	10900	55		
dullestucker03	asdf	Vicker Vickson	8013331212	vic@vicvickson.com	555 High St	Vicklandia	CT	10900	55	
victorvickson	asdf	Victor Vickson	8013331212	vic@vicvickson.com	303 High St	Vicklandia	CT	10900	55	
caroldemure	Carol Demure	8012221212	carol@caroldemure.com	555 J St	Carollandia	CT	10900	66		
carolinedemure	asdf	Caroline Demure	8012221212	carol@caroldemure.com	303 J St	Carollandia	CT	10900	66	
jaymccardiovascular	asdf	Jay	McCardioVascular	8011111212	jay@exercisealot.com	555 K St	Cardiolandia	CT	10900	77
bobbobson	asdf	Bob Bobson	8015551212	bob@bobbobson.com	555 Main St	Boblandia	CT	10900	33	
dullestucker01	asdf	Bobby Bobson	8015551212	bob@bobbobson.com	555 Main St	Boblandia	CT	10900	33	
robbobson	asdf	Robert Bobson	8015551212	bob@bobbobson.com	303 Main St	Boblandia	CT	10900	33	
georgegeorgeson	asdf	George	Georgeson	8016661212	george@georgegeorgeson.com	555 L St	Georgelandia	CT	10900	36
lambsear	asdf	George Georgeson	8016661212	george@georgegeorgeson.com	555 L St	Georgelandia	CT	10900	36	
joegeorgeson	Joe Georgeson	8016661212	george@georgegeorgeson.com	555 L St	Georgelandia	CT	10900	36		
carlcarlson	asdf	Carl Carlson	8014441212	carl@carlcarlson.com	555 State St	Carllandia	CT	10900	44	
dullestucker02	asdf	Carls Carlson	8014441212	carl@carlcarlson.com	555 State St	Carllandia	CT	10900	44	
clartoncarlson	asdf	Carlton Carlson	8014441212	carl@carlcarlson.com	303 State St	Carllandia	CT	10900	44	
vicvickson	Vic Vickson	8013331212	vic@vicvickson.com	555 High St	Vicklandia	CT	10900	55		
dullestucker03	asdf	Vicker Vickson	8013331212	vic@vicvickson.com	555 High St	Vicklandia	CT	10900	55	
victorvickson	asdf	Victor Vickson	8013331212	vic@vicvickson.com	303 High St	Vicklandia	CT	10900	55	
caroldemure	Carol Demure	8012221212	carol@caroldemure.com	555 J St	Carollandia	CT	10900	66		
carolinedemure	asdf	Caroline Demure	8012221212	carol@caroldemure.com	303 J St	Carollandia	CT	10900	66	
jaymccardiovascular	asdf	Jay	McCardioVascular	8011111212	jay@exercisealot.com	555 K St	Cardiolandia	CT	10900	77
bobbobson	asdf	Bob Bobson	8015551212	bob@bobbobson.com	555 Main St	Boblandia	CT	10900	33	
dullestucker01	asdf	Bobby Bobson	8015551212	bob@bobbobson.com	555 Main St	Boblandia	CT	10900	33	
robbobson	asdf	Robert Bobson	8015551212	bob@bobbobson.com	303 Main St	Boblandia	CT	10900	33	
georgegeorgeson	asdf	George	Georgeson	8016661212	george@georgegeorgeson.com	555 L St	Georgelandia	CT	10900	36
lambsear	asdf	George Georgeson	8016661212	george@georgegeorgeson.com	555 L St	Georgelandia	CT	10900	36	
joegeorgeson	Joe Georgeson	8016661212	george@georgegeorgeson.com	555 L St	Georgelandia	CT	10900	36		
carlcarlson	asdf	Carl Carlson	8014441212	carl@carlcarlson.com	555 State St	Carllandia	CT	10900	44	
dullestucker02	asdf	Carls Carlson	8014441212	carl@carlcarlson.com	555 State St	Carllandia	CT	10900	44	
clartoncarlson	asdf	Carlton Carlson	8014441212	carl@carlcarlson.com	303 State St	Carllandia	CT	10900	44	
vicvickson	Vic Vickson	8013331212	vic@vicvickson.com	555 High St	Vicklandia	CT	10900	55		
dullestucker03	asdf	Vicker Vickson	8013331212	vic@vicvickson.com	555 High St	Vicklandia	CT	10900	55	
victorvickson	asdf	Victor Vickson	8013331212	vic@vicvickson.com	303 High St	Vicklandia	CT	10900	55	
caroldemure	Carol Demure	8012221212	carol@caroldemure.com	555 J St	Carollandia	CT	10900	66		
carolinedemure	asdf	Caroline Demure	8012221212	carol@caroldemure.com	303 J St	Carollandia	CT	10900	66	
jaymccardiovascular	asdf	Jay	McCardioVascular	8011111212	jay@exercisealot.com	555 K St	Cardiolandia	CT	10900	77
bobbobson	asdf	Bob Bobson	8015551212	bob@bobbobson.com	555 Main St	Boblandia	CT	10900	33	
dullestucker01	asdf	Bobby Bobson	8015551212	bob@bobbobson.com	555 Main St	Boblandia	CT	10900	33	
robbobson	asdf	Robert Bobson	8015551212	bob@bobbobson.com	303 Main St	Boblandia	CT	10900	33	
georgegeorgeson	asdf	George	Georgeson	8016661212	george@georgegeorgeson.com	555 L St	Georgelandia	CT	10900	36
lambsear	asdf	George Georgeson	8016661212	george@georgegeorgeson.com	555 L St	Georgelandia	CT	10900	36	
joegeorgeson	Joe Georgeson	8016661212	george@georgegeorgeson.com	555 L St	Georgelandia	CT	10900	36		
carlcarlson	asdf	Carl Carlson	8014441212	carl@carlcarlson.com	555 State St	Carllandia	CT	10900	44	
dullestucker02	asdf	Carls Carlson	8014441212	carl@carlcarlson.com	555 State St	Carllandia	CT	10900	44	
clartoncarlson	asdf	Carlton Carlson	8014441212	carl@carlcarlson.com	303 State St	Carllandia	CT	10900	44	
vicvickson	Vic Vickson	8013331212	vic@vicvickson.com	555 High St	Vicklandia	CT	10900	55		
dullestucker03	asdf	Vicker Vickson	8013331212	vic@vicvickson.com	555 High St	Vicklandia	CT	10900	55	
victorvickson	asdf	Victor Vickson	8013331212	vic@vicvickson.com	303 High St	Vicklandia	CT	10900	55	
caroldemure	Carol Demure	8012221212	carol@caroldemure.com	555 J St	Carollandia	CT	10900	66		
carolinedemure	asdf	Caroline Demure	8012221212	carol@caroldemure.com	303 J St	Carollandia	CT	10900	66	
jaymccardiovascular	asdf	Jay	McCardioVascular	8011111212	jay@exercisealot.com	555 K St	Cardiolandia	CT	10900	77
bobbobson	asdf	Bob Bobson	8015551212	bob@bobbobson.com	555 Main St	Boblandia	CT	10900	33	
dullestucker01	asdf	Bobby Bobson	8015551212	bob@bobbobson.com	555 Main St	Boblandia	CT	10900	33	
robbobson	asdf	Robert Bobson	8015551212	bob@bobbobson.com	303 Main St	Boblandia	CT	10900	33	
georgegeorgeson	asdf	George	Georgeson	8016661212	george@georgegeorgeson.com	555 L St	Georgelandia	CT	10900	36
lambsear	asdf	George Georgeson	8016661212	george@georgegeorgeson.com	555 L St	Georgelandia	CT	10900	36	
joegeorgeson	Joe Georgeson	8016661212	george@georgegeorgeson.com	555 L St	Georgelandia	CT	10900	36		
carlcarlson	asdf	Carl Carlson	8014441212	carl@carlcarlson.com	555 State St	Carllandia	CT	10900	44	
dullestucker02	asdf	Carls Carlson	8014441212	carl@carlcarlson.com	555 State St	Carllandia	CT	10900	44	
clartoncarlson	asdf	Carlton Carlson	8014441212	carl@carlcarlson.com	303 State St	Carllandia	CT	10900	44	
vicvickson	Vic Vickson	8013331212	vic@vicvickson.com	555 High St	Vicklandia	CT	10900	55		
dullestucker03	asdf	Vicker Vickson	8013331212	vic@vicvickson.com	555 High St	Vicklandia	CT	10900	55	
victorvickson	asdf	Victor Vickson	8013331212	vic@vicvickson.com	303 High St	Vicklandia	CT	10900	55	
caroldemure	Carol Demure	8012221212	carol@caroldemure.com	555 J St	Carollandia	CT	10900	66		
carolinedemure	asdf	Caroline Demure	8012221212	carol@caroldemure.com	303 J St	Carollandia	CT	10900	66	
jaymccardiovascular	asdf	Jay	McCardioVascular	8011111212	jay@exercisealot.com	555 K St	Cardiolandia	CT	10900	77
bobbobson	asdf	Bob Bobson	8015551212	bob@bobbobson.com	555 Main St	Boblandia	CT	10900	33	
dullestucker01	asdf	Bobby Bobson	8015551212	bob@bobbobson.com	555 Main St	Boblandia	CT	10900	33	
robbobson	asdf	Robert Bobson	8015551212	bob@bobbobson.com	303 Main St	Boblandia	CT	10900	33	
georgegeorgeson	asdf	George	Georgeson	8016661212	george@georgegeorgeson.com	555 L St	Georgelandia	CT	10900	36
lambsear	asdf	George Georgeson	8016661212	george@georgegeorgeson.com	555 L St	Georgelandia	CT	10900	36	
joegeorgeson	Joe Georgeson	8016661212	george@georgegeorgeson.com	555 L St	Georgelandia	CT	10900	36		
carlcarlson	asdf	Carl Carlson	8014441212	carl@carlcarlson.com	555 State St	Carllandia	CT	10900	44	
dullestucker02	asdf	Carls Carlson	8014441212	carl@carlcarlson.com	555 State St	Carllandia	CT	10900	44	
clartoncarlson	asdf	Carlton Carlson	8014441212	carl@carlcarlson.com	303 State St	Carllandia	CT	10900	44	
vicvickson	Vic Vickson	8013331212	vic@vicvickson.com	555 High St	Vicklandia	CT	10900	55		
dullestucker03	asdf	Vicker Vickson	8013331212	vic@vicvickson.com	555 High St	Vicklandia	CT	10900	55	
victorvickson	asdf	Victor Vickson	8013331212	vic@vicvickson.com	303 High St	Vicklandia	CT	10900	55	
caroldemure	Carol Demure	8012221212	carol@caroldemure.com	555 J St	Carollandia	CT	10900	66		
carolinedemure	asdf	Caroline Demure	8012221212	carol@caroldemure.com	303 J St	Carollandia	CT	10900	66	
jaymccardiovascular	asdf	Jay	McCardioVascular	8011111212	jay@exercisealot.com	555 K St	Cardiolandia	CT	10900	77
bobbobson	asdf	Bob Bobson	8015551212	bob@bobbobson.com	555 Main St	Boblandia	CT	10900	33	
dullestucker01	asdf	Bobby Bobson	8015551212	bob@bobbobson.com	555 Main St	Boblandia	CT	10900	33	
robbobson	asdf	Robert Bobson	8015551212	bob@bobbobson.com	303 Main St	Boblandia	CT	10900	33	
georgegeorgeson	asdf	George	Georgeson	8016661212	george@georgegeorgeson.com	555 L St	Georgelandia	CT	10900	36
lambsear	asdf	George Georgeson	8016661212	george@georgegeorgeson.com	555 L St	Georgelandia	CT	10900	36	
joegeorgeson	Joe Georgeson	8016661212	george@georgegeorgeson.com	555 L St	Georgelandia	CT	10900	36		
carlcarlson	asdf	Carl Carlson	8014441212	carl@carlcarlson.com	555 State St	Carllandia	CT	10900	44	
dullestucker02	asdf	Carls Carlson	8014441212	carl@carlcarlson.com	555 State St	Carllandia	CT	10900	44	
clartoncarlson	asdf	Carlton Carlson	8014441212	carl@carlcarlson.com	303 State St	Carllandia	CT	10900	44	
vicvickson	Vic Vickson	8013331212	vic@vicvickson.com	555 High St	Vicklandia	CT	10900	55		
dullestucker03	asdf	Vicker Vickson	8013331212	vic@vicvickson.com	555 High St	Vicklandia	CT	10900	55	
victorvickson	asdf	Victor Vickson	8013331212	vic@vicvickson.com	303 High St	Vicklandia	CT	10900	55	
caroldemure	Carol Demure	8012221212	carol@caroldemure.com	555 J St	Carollandia	CT	10900	66		
carolinedemure	asdf	Caroline Demure	8012221212	carol@caroldemure.com	303 J St	Carollandia	CT	10900	66	
jaymccardiovascular	asdf	Jay	McCardioVascular	8011111212	jay@exercisealot.com	555 K St	Cardiolandia	CT	10900	77
bobbobson	asdf	Bob Bobson	8015551212	bob@bobbobson.com	555 Main St	Boblandia	CT	10900	33	
dullestucker01	asdf	Bobby Bobson	8015551212	bob@bobbobson.com	555 Main St	Boblandia	CT	10900	33	
robbobson	asdf	Robert Bobson	8015551212	bob@bobbobson.com	303 Main St	Boblandia	CT	10900	33	
georgegeorgeson	asdf	George	Georgeson	8016661212	george@georgegeorgeson.com	555 L St	Georgelandia	CT	10900	36
lambsear	asdf	George Georgeson	8016661212	george@georgegeorgeson.com	555 L St	Georgelandia	CT	10900	36	
joegeorgeson	Joe Georgeson	8016661212	george@georgegeorgeson.com	555 L St	Georgelandia	CT	10900	36		
carlcarlson	asdf	Carl Carlson	8014441212	carl@carlcarlson.com	555 State St	Carllandia	CT	10900	44	
dullestucker02	asdf	Carls Carlson	8014441212	carl@carlcarlson.com	555 State St	Carllandia	CT	10900	44	
clartoncarlson	asdf	Carlton Carlson	8014441212	carl@carlcarlson.com	303 State St	Carllandia	CT	10900	44	
vicvickson	Vic Vickson	8013331212	vic@vicvickson.com	555 High St	Vicklandia	CT	10900	55		
dullestucker03	asdf	Vicker Vickson	8013331212	vic@vicvickson.com	555 High St	Vicklandia	CT	10900	55	
victorvickson	asdf	Victor Vickson	8013331212	vic@vicvickson.com	303 High St	Vicklandia	CT	10900	55	
caroldemure	Carol Demure	8012221212	carol@caroldemure.com	555 J St	Carollandia	CT	10900	66		
carolinedemure	asdf	Caroline Demure	8012221212	carol@caroldemure.com	303 J St	Carollandia	CT	10900	66	
jaymccardiovascular	asdf	Jay	McCardioVascular	8011111212	jay@exercisealot.com	555 K St	Cardiolandia	CT	10900	77
bobbobson	asdf	Bob Bobson	8015551212	bob@bobbobson.com	555 Main St	Boblandia	CT	10900	33	
dullestucker01	asdf	Bobby Bobson	8015551212	bob@bobbobson.com	555 Main St	Boblandia	CT	10900	33	
robbobson	asdf	Robert Bobson	8015551212	bob@bobbobson.com	303 Main St	Boblandia	CT	10900	33	
georgegeorgeson	asdf	George	Georgeson	8016661212	george@georgegeorgeson.com	555 L St	Georgelandia	CT	10900	36
lambsear	asdf	George Georgeson	8016661212	george@georgegeorgeson.com	555 L St	Georgelandia	CT	10900	36	
joegeorgeson	Joe Georgeson	8016661212	george@georgegeorgeson.com	555 L St	Georgelandia	CT	10900	36		
carlcarlson	asdf	Carl Carlson	8014441212	carl@carlcarlson.com	555 State St	Carllandia	CT	10900	44	
dullestucker02	asdf	Carls Carlson	8014441212	carl@carlcarlson.com	555 State St	Carllandia	CT	10900	44	
clartoncarlson	asdf	Carlton Carlson	8014441212	carl@carlcarlson.com	303 State St	Carllandia	CT	10900	44	
vicvickson	Vic Vickson	8013331212	vic@vicvickson.com	555 High St	Vicklandia	CT	10900	55		
dullestucker03	asdf	Vicker Vickson	8013331212	vic@vicvickson.com	555 High St	Vicklandia	CT	10900	55	
victorvickson	asdf	Victor Vickson	8013331212	vic@vicvickson.com	303 High St	Vicklandia	CT	10900	55	
caroldemure	Carol Demure	8012221212	carol@caroldemure.com	555 J St	Carollandia	CT	10900	66		
carolinedemure	asdf	Caroline Demure	8012221212	carol@caroldemure.com	303 J St	Carollandia	CT	10900	66	
jaymccardiovascular	asdf	Jay	McCardioVascular	8011111212	jay@exercisealot.com	555 K St	Cardiolandia	CT	10900	77
bobbobson	asdf	Bob Bobson	8015551212	bob@bobbobson.com	555 Main St	Boblandia	CT	10900	33	
dullestucker01	asdf	Bobby Bobson	8015551212	bob@bobbobson.com	555 Main St	Boblandia	CT	10900	33	
robbobson	asdf	Robert Bobson	8015551212	bob@bobbobson.com	303 Main St	Boblandia	CT	10900	33	
georgegeorgeson	asdf	George	Georgeson	8016661212	george@georgegeorgeson.com	555 L St	Georgelandia	CT	10900	36
lambsear	asdf	George Georgeson	8016661212	george@georgegeorgeson.com	555 L St	Georgelandia	CT	10900	36	
joegeorgeson	Joe Georgeson	8016661212	george@georgegeorgeson.com	555 L St	Georgelandia	CT	10900	36		
carlcarlson	asdf	Carl Carlson	8014441212	carl@carlcarlson.com	555 State St	Carllandia	CT	10900	44	
dullestucker02	asdf	Carls Carlson	8014441212	carl@carlcarlson.com	555 State St	Carllandia	CT	10900	44	
clartoncarlson	asdf	Carlton Carlson	8014441212	carl@carlcarlson.com	303 State St	Carllandia	CT	10900	44	
vicvickson	Vic Vickson	8013331212	vic@vicvickson.com	555 High St	Vicklandia	CT	10900	55		
dullestucker03	asdf	Vicker Vickson	8013331212	vic@vicvickson.com	555 High St	Vicklandia	CT	10900	55	
victorvickson	asdf	Victor Vickson	8013331212	vic@vicvickson.com	303 High St	Vicklandia	CT	10900	55	
caroldemure	Carol Demure	8012221212	carol@caroldemure.com	555 J St	Carollandia	CT	10900	66		
carolinedemure	asdf	Caroline Demure	8012221212	carol@caroldemure.com	303 J St	Carollandia	CT	10900	66	
jaymccardiovascular	asdf	Jay	McCardioVascular	8011111212	jay@exercisealot.com	555 K St	Cardiolandia	CT	10900	77
bobbobson	asdf	Bob Bobson	8015551212	bob@bobbobson.com	555 Main St	Boblandia	CT	10900	33	
dullestucker01	asdf	Bobby Bobson	8015551212	bob@bobbobson.com	555 Main St	Boblandia	CT	10900	33	
robbobson	asdf	Robert Bobson	8015551212	bob@bobbobson.com	303 Main St	Boblandia	CT	10900	33	
georgegeorgeson	asdf	George	Georgeson	8016661212	george@georgegeorgeson.com	555 L St	Georgelandia	CT	10900	36
lambsear	asdf	George Georgeson	8016661212	george@georgegeorgeson.com	555 L St	Georgelandia	CT	10900	36	
joegeorgeson	Joe Georgeson	8016661212	george@georgegeorgeson.com	555 L St	Georgelandia	CT	10900	36		
carlcarlson	asdf	Carl Carlson	8014441212	carl@carlcarlson.com	555 State St	Carllandia	CT	10900	44	
dullestucker02	asdf	Carls Carlson	8014441212	carl@carlcarlson.com	555 State St	Carllandia	CT	10900	44	
clartoncarlson	asdf	Carlton Carlson	8014441212	carl@carlcarlson.com	303 State St	Carllandia	CT	10900	44	
vicvickson	Vic Vickson	8013331212	vic@vicvickson.com	555 High St	Vicklandia	CT	10900	55		
dullestucker03	asdf	Vicker Vickson	8013331212	vic@vicvickson.com	555 High St	Vicklandia	CT	10900	55	
victorvickson	asdf	Victor Vickson	8013331212	vic@vicvickson.com	303 High St	Vicklandia	CT	10900	55	
caroldemure	Carol Demure	8012221212	carol@caroldemure.com	555 J St	Carollandia	CT	10900	66		
carolinedemure	asdf	Caroline Demure	8012221212	carol@caroldemure.com	303 J St	Carollandia	CT	10900	66	
jaymccardiovascular	asdf	Jay	McCardioVascular	8011111212	jay@exercisealot.com	555 K St	Cardiolandia	CT	10900	77
bobbobson	asdf	Bob Bobson	8015551212	bob@bobbobson.com	555 Main St	Boblandia	CT	10900	33	
dullestucker01	asdf	Bobby Bobson	8015551212	bob@bobbobson.com	555 Main St	Boblandia	CT	10900	33	
robbobson	asdf	Robert Bobson	8015551212	bob@bobbobson.com	303 Main St	Boblandia	CT	10900	33	
georgegeorgeson	asdf	George	Georgeson	8016661212	george@georgegeorgeson.com	555 L St	Georgelandia	CT	10900	36
lambsear	asdf	George Georgeson	8016661212	george@georgegeorgeson.com	555 L St	Georgelandia	CT	10900	36	
joegeorgeson	Joe Georgeson	8016661212	george@georgegeorgeson.com	555 L St	Georgelandia	CT	10900	36		
carlcarlson	asdf	Carl Carlson	8014441212	carl@carlcarlson.com	555 State St	Carllandia	CT	10900	44	
dullestucker02	asdf	Carls Carlson	8014441212	carl@carlcarlson.com	555 State St	Carllandia	CT	10900	44	
clartoncarlson	asdf	Carlton Carlson	8014441212	carl@carlcarlson.com	303 State St	Carllandia	CT	10900	44	
vicvickson	Vic Vickson	8013331212	vic@vicvickson.com	555 High St	Vicklandia	CT	10900	55		
dullestucker03	asdf	Vicker Vickson	8013331212	vic@vicvickson.com	555 High St	Vicklandia	CT	10900	55	
victorvickson	asdf	Victor Vickson	8013331212	vic@vicvickson.com	303 High St	Vicklandia	CT	10900	55	
caroldemure	Carol Demure	8012221212	carol@caroldemure.com	555 J St	Carollandia	CT	10900	66		
carolinedemure	asdf	Caroline Demure	8012221212	carol@caroldemure.com	303 J St	Carollandia	CT	10900	66	
jaymccardiovascular	asdf	Jay	McCardioVascular	8011111212	jay@exercisealot.com	555 K St	Cardiolandia	CT	10900	77
bobbobson	asdf	Bob Bobson	8015551212	bob@bobbobson.com	555 Main St	Boblandia	CT	10900	33	
dullestucker01	asdf	Bobby Bobson	8015551212	bob@bobbobson.com	555 Main St	Boblandia	CT	10900	33	
robbobson	asdf	Robert Bobson	8015551212	bob@bobbobson.com	303 Main St	Boblandia	CT	10900	33	
georgegeorgeson	asdf	George	Georgeson	8016661212	george@georgegeorgeson.com	555 L St	Georgelandia	CT	10900	36
lambsear	asdf	George Georgeson	8016661212	george@georgegeorgeson.com	555 L St	Georgelandia	CT	10900	36	
joegeorgeson	Joe Georgeson	8016661212	george@georgegeorgeson.com	555 L St	Georgelandia	CT	10900	36		
carlcarlson	asdf	Carl Carlson	8014441212	carl@carlcarlson.com	555 State St	Carllandia	CT	10900	44	
dullestucker02	asdf	Carls Carlson	8014441212	carl@carlcarlson.com	555 State St	Carllandia	CT	10900	44	
clartoncarlson	asdf	Carlton Carlson	8014441212	carl@carlcarlson.com	303 State St	Carllandia	CT	10900	44	
vicvickson	Vic Vickson	8013331212	vic@vicvickson.com	555 High St	Vicklandia	CT	10900	55		
dullestucker03	asdf	Vicker Vickson	8013331212	vic@vicvickson.com	555 High St	Vicklandia	CT	10900	55	
victorvickson	asdf	Victor Vickson	8013331212	vic@vicvickson.com	303 High St	Vicklandia	CT	10900	55	
caroldemure	Carol Demure	8012221212	carol@caroldemure.com	555 J St	Carollandia	CT	10900	66		
carolinedemure	asdf	Caroline Demure	8012221212	carol@caroldemure.com	303 J St	Carollandia	CT	10900	66	
jaymccardiovascular	asdf	Jay	McCardioVascular	8011111212	jay@exercisealot.com	555 K St	Cardiolandia	CT	10900	77
bobbobson	asdf	Bob Bobson	8015551212	bob@bobbobson.com	555 Main St	Boblandia	CT	10900	33	
dullestucker01	asdf	Bobby Bobson	8015551212	bob@bobbobson.com	555 Main St	Boblandia	CT	10900	33	
robbobson	asdf	Robert Bobson	8015551212	bob@bobbobson.com	303 Main St	Boblandia	CT	10900	33	
georgegeorgeson	asdf	George	Georgeson	8016661212	george@georgegeorgeson.com	555 L St	Georgelandia	CT	10900	36
lambsear	asdf	George Georgeson	8016661212	george@georgegeorgeson.com	555 L St	Georgelandia	CT	10900	36	
joegeorgeson	Joe Georgeson	8016661212	george@georgegeorgeson.com	555 L St	Georgelandia	CT	10900	36		
carlcarlson	asdf	Carl Carlson	8014441212	carl@carlcarlson.com	555 State St	Carllandia	CT	10900	44	
dullestucker02	asdf	Carls Carlson	8014441212	carl@carlcarlson.com	555 State St	Carllandia	CT	10900	44	
clartoncarlson	asdf	Carlton Carlson	8014441212	carl@carlcarlson.com	303 State St	Carllandia	CT	10900	44	
vicvickson	Vic Vickson	8013331212	vic@vicvickson.com	555 High St	Vicklandia	CT	10900	55		
dullestucker03	asdf	Vicker Vickson	8013331212	vic@vicvickson.com	555 High St	Vicklandia	CT	10900	55	
victorvickson	asdf	Victor Vickson	8013331212	vic@vicvickson.com	303 High St	Vicklandia	CT	10900	55	
caroldemure	Carol Demure	8012221212	carol@caroldemure.com	555 J St	Carollandia	CT	10900	66		
carolinedemure	asdf	Caroline Demure	8012221212	carol@caroldemure.com	303 J St	Carollandia	CT	10900	66	
jaymccardiovascular	asdf	Jay	McCardioVascular	8011111212	jay@exercisealot.com	555 K St	Cardiolandia	CT	10900	77
bobbobson	asdf	Bob Bobson	8015551212	bob@bobbobson.com	555 Main St	Boblandia	CT	10900	33	
dullestucker01	asdf	Bobby Bobson	8015551212	bob@bobbobson.com	555 Main St	Boblandia	CT	10900	33	
robbobson	asdf	Robert Bobson	8015551212	bob@bobbobson.com	303 Main St	Boblandia	CT	10900	33	
georgegeorgeson	asdf	George	Georgeson	8016661212	george@georgegeorgeson.com	555 L St	Georgelandia	CT	10900	36
lambsear	asdf	George Georgeson	8016661212	george@georgegeorgeson.com	555 L St	Georgelandia	CT	10900	36	
joegeorgeson	Joe Georgeson	8016661212	george@georgegeorgeson.com	555 L St	Georgelandia	CT	10900	36		
carlcarlson	asdf	Carl Carlson	8014441212	carl@carlcarlson.com	555 State St	Carllandia	CT	10900	44	
dullestucker02	asdf	Carls Carlson	8014441212	carl@carlcarlson.com	555 State St	Carllandia	CT	10900	44	
clartoncarlson	asdf	Carlton Carlson	8014441212	carl@carlcarlson.com	303 State St	Carllandia	CT	10900	44	
vicvickson	Vic Vickson	8013331212	vic@vicvickson.com	555 High St	Vicklandia	CT	10900	55		
dullestucker03	asdf	Vicker Vickson	8013331212	vic@vicvickson.com	555 High St	Vicklandia	CT	10900	55	
victorvickson	asdf	Victor Vickson	8013331212	vic@vicvickson.com	303 High St	Vicklandia	CT	10900	55	
caroldemure	Carol Demure	8012221212	carol@caroldemure.com	555 J St	Carollandia	CT	10900	66		
carolinedemure	asdf	Caroline Demure	8012221212	carol@caroldemure.com	303 J St	Carollandia	CT	10900	66	
jaymccardiovascular	asdf	Jay	McCardioVascular	8011111212	jay@exercisealot.com	555 K St	Cardiolandia	CT	10900	77
bobbobson	asdf	Bob Bobson	8015551212	bob@bobbobson.com	555 Main St	Boblandia	CT	10900	33	
dullestucker01	asdf	Bobby Bobson	8015551212	bob@bobbobson.com	555 Main St	Boblandia	CT	10900	33	
robbobson	asdf	Robert Bobson	8015551212	bob@bobbobson.com	303 Main St	Boblandia	CT	10900	33	
georgegeorgeson	asdf	George	Georgeson	8016661212	george@georgegeorgeson.com	555 L St	Georgelandia	CT	10900	36
lambsear	asdf	George Georgeson	8016661212	george@georgegeorgeson.com	555 L St	Georgelandia	CT	10900	36	
joegeorgeson	Joe Georgeson	8016661212	george@georgegeorgeson.com	555 L St	Georgelandia	CT	10900	36		
carlcarlson	asdf	Carl Carlson	8014441212	carl@carlcarlson.com	555 State St	Carllandia	CT	10900	44	
dullestucker02	asdf	Carls Carlson	8014441212	carl@carlcarlson.com	555 State St	Carllandia	CT	10900	44	
clartoncarlson	asdf	Carlton Carlson	8014441212	carl@carlcarlson.com	303 State St	Carllandia	CT	10900	44	
vicvickson	Vic Vickson	8013331212	vic@vicvickson.com	555 High St	Vicklandia	CT	10900	55		
dullestucker03	asdf	Vicker Vickson	8013331212	vic@vicvickson.com	555 High St	Vicklandia	CT	10900	55	
victorvickson	asdf	Victor Vickson	8013331212	vic@vicvickson.com	303 High St	Vicklandia	CT	10900	55	
caroldemure	Carol Demure	8012221212	carol@caroldemure.com	555 J St	Carollandia	CT	10900	66		
carolinedemure	asdf	Caroline Demure	8012221212	carol@caroldemure.com	303 J St	Carollandia	CT	10900	66	
jaymccardiovascular	asdf	Jay	McCardioVascular	8011111212	jay@exercisealot.com	555 K St	Cardiolandia	CT	10900	77
bobbobson	asdf	Bob Bobson	8015551212	bob@bobbobson.com	555 Main St	Boblandia	CT	10900	33	
dullestucker01	asdf	Bobby Bobson	8015551212	bob@bobbobson.com	555 Main St	Boblandia	CT	10900	33	
robbobson	asdf	Robert Bobson	8015551212	bob@bobbobson.com	303 Main St	Boblandia	CT	10900	33	
georgegeorgeson	asdf	George	Georgeson	8016661212	george@georgegeorgeson.com	555 L St	Georgelandia	CT	10900	36
lambsear	asdf	George Georgeson	8016661212	george@georgegeorgeson.com	555 L St	Georgelandia	CT	10900	36	
joegeorgeson	Joe Georgeson	8016661212	george@georgegeorgeson.com	555 L St	Georgelandia	CT	10900	36		
carlcarlson	asdf	Carl Carlson	8014441212	carl@carlcarlson.com	555 State St	Carllandia	CT	10900	44	
dullestucker02	asdf	Carls Carlson	8014441212	carl@carlcarlson.com	555 State St	Carllandia	CT	10900	44	
clartoncarlson	asdf	Carlton Carlson	8014441212	carl@carlcarlson.com	303 State St	Carllandia	CT	10900	44	
vicvickson	Vic Vickson	8013331212	vic@vicvickson.com	555 High St	Vicklandia	CT	10900	55		
dullestucker03	asdf	Vicker Vickson	8013331212	vic@vicvickson.com	555 High St	Vicklandia	CT	10900	55	
victorvickson	asdf	Victor Vickson	8013331212	vic@vicvickson.com	303 High St	Vicklandia	CT	10900	55	
caroldemure	Carol Demure	8012221212	carol@caroldemure.com	555 J St	Carollandia	CT	10900	66		
carolinedemure	asdf	Caroline Demure	8012221212	carol@caroldemure.com	303 J St	Carollandia	CT	10900	66	
jaymccardiovascular	asdf	Jay	McCardioVascular	8011111212	jay@exercisealot.com	555 K St	Cardiolandia	CT	10900	77
bobbobson	asdf	Bob Bobson	8015551212	bob@bobbobson.com	555 Main St	Boblandia	CT	10900	33	
dullestucker01	asdf	Bobby Bobson	8015551212	bob@bobbobson.com	555 Main St	Boblandia	CT	10900	33	
robbobson	asdf	Robert Bobson	8015551212	bob@bobbobson.com	303 Main St	Boblandia	CT	10900	33	
georgegeorgeson	asdf	George	Georgeson	8016661212	george@georgegeorgeson.com	555 L St	Georgelandia	CT	10900	36
lambsear	asdf	George Georgeson	8016661212	george@georgegeorgeson.com	555 L St	Georgelandia	CT	10900	36	
joegeorgeson	Joe Georgeson	8016661212	george@georgegeorgeson.com	555 L St	Georgelandia	CT	10900	36		
carlcarlson	asdf	Carl Carlson	8014441212	carl@carlcarlson.com	555 State St	Carllandia	CT	10900	44	
dullestucker02	asdf	Carls Carlson	8014441212	carl@carlcarlson.com	555 State St	Carllandia	CT	10900	44	
clartoncarlson	asdf	Carlton Carlson	8014441212	carl@carlcarlson.com	303 State St	Carllandia	CT	10900	44	
vicvickson	Vic Vickson	8013331212	vic@vicvickson.com	555 High St	Vicklandia	CT	10900	55		
dullestucker03	asdf	Vicker Vickson	8013331212	vic@vicvickson.com	555 High St	Vicklandia	CT	10900	55	
victorvickson	asdf	Victor Vickson	8013331212	vic@vicvickson.com	303 High St	Vicklandia	CT	10900	55	
caroldemure	Carol Demure	8012221212	carol@caroldemure.com	555 J St	Carollandia	CT	10900	66		
carolinedemure	asdf	Caroline Demure	8012221212	carol@caroldemure.com	303 J St	Carollandia	CT	10900	66	
jaymccardiovascular	asdf	Jay	McCardioVascular	8011111212	jay@exercisealot.com	555 K St	Cardiolandia	CT	10900	77
bobbobson	asdf	Bob Bobson	8015551212	bob@bobbobson.com	555 Main St	Boblandia	CT	10900	33	
dullestucker01	asdf	Bobby Bobson	8015551212	bob@bobbobson.com	555 Main St	Boblandia	CT	10900	33	
robbobson	asdf	Robert Bobson	8015551212	bob@bobbobson.com	303 Main St	Boblandia	CT	10900	33	
georgegeorgeson	asdf	George	Georgeson	8016661212	george@georgegeorgeson.com	555 L St	Georgelandia	CT	10900	36
lambsear	asdf	George Georgeson	8016661212	george@georgegeorgeson.com	555 L St	Georgelandia	CT	10900	36	
joegeorgeson	Joe Georgeson	8016661212	george@georgegeorgeson.com	555 L St	Georgelandia	CT	10900	36		
carlcarlson	asdf	Carl Carlson	8014441212	carl@carlcarlson.com	555 State St	Carllandia	CT	10900	44	
dullestucker02	asdf	Carls Carlson	8014441212	carl@carlcarlson.com	555 State St	Carllandia	CT	10900	44	
clartoncarlson	asdf	Carlton Carlson	8014441212	carl@carlcarlson.com	303 State St	Carllandia	CT	10900	44	
vicvickson	Vic Vickson	8013331212	vic@vicvickson.com	555 High St	Vicklandia	CT	10900	55		
dullestucker03	asdf	Vicker Vickson	8013331212	vic@vicvickson.com	555 High St	Vicklandia	CT	10900	55	
victorvickson	asdf	Victor Vickson	8013331212	vic@vicvickson.com	303 High St	Vicklandia	CT	10900	55	
caroldemure	Carol Demure	8012221212	carol@caroldemure.com	555 J St	Carollandia	CT	10900	66		
carolinedemure	asdf	Caroline Demure	8012221212	carol@caroldemure.com	303 J St	Carollandia	CT	10900	66	
jaymccardiovascular	asdf	Jay	McCardioVascular	8011111212	jay@exercisealot.com	555 K St	Cardiolandia	CT	10900	77
bobbobson	asdf	Bob Bobson	8015551212	bob@bobbobson.com	555 Main St	Boblandia	CT	10900	33	
dullestucker01	asdf	Bobby Bobson	8015551212	bob@bobbobson.com	555 Main St	Boblandia	CT	10900	33	
robbobson	asdf	Robert Bobson	8015551212	bob@bobbobson.com	303 Main St	Boblandia	CT	10900	33	
georgegeorgeson	asdf	George	Georgeson	8016661212	george@georgegeorgeson.com	555 L St	Georgelandia	CT	10900	36
lambsear	asdf	George Georgeson	8016661212	george@georgegeorgeson.com	555 L St	Georgelandia	CT	10900	36	
joegeorgeson	Joe Georgeson	8016661212	george@georgegeorgeson.com	555 L St	Georgelandia	CT	10900	36		
carlcarlson	asdf	Carl Carlson	8014441212	carl@carlcarlson.com	555 State St	Carllandia	CT	10900	44	
dullestucker02	asdf	Carls Carlson	8014441212	carl@carlcarlson.com	555 State St	Carllandia	CT	10900	44	
clartoncarlson	asdf	Carlton Carlson	8014441212	carl@carlcarlson.com	303 State St	Carllandia	CT	10900	44	
vicvickson	Vic Vickson	8013331212	vic@vicvickson.com	555 High St	Vicklandia	CT	10900	55		
dullestucker03	asdf	Vicker Vickson	8013331212	vic@vicvickson.com	555 High St	Vicklandia	CT	10900	55	
victorvickson	asdf	Victor Vickson	8013331212	vic@vicvickson.com	303 High St	Vicklandia	CT	10900	55	
caroldemure	Carol Demure	8012221212	carol@caroldemure.com	555 J St	Carollandia	CT	10900	66		
carolinedemure	asdf	Caroline Demure	8012221212	carol@caroldemure.com	303 J St	Carollandia	CT	10900	66	
jaymccardiovascular	asdf	Jay	McCardioVascular	8011111212	jay@exercisealot.com	555 K St	Cardiolandia	CT	10900	77
bobbobson	asdf	Bob Bobson	8015551212	bob@bobbobson.com	555 Main St	Boblandia	CT	10900	33	
dullestucker01	asdf	Bobby Bobson	8015551212	bob@bobbobson.com	555 Main St	Boblandia	CT	10900	33	
robbobson	asdf	Robert Bobson	8015551212	bob@bobbobson.com	303 Main St	Boblandia	CT	10900	33	
georgegeorgeson	asdf	George	Georgeson	8016661212	george@georgegeorgeson.com	555 L St	Georgelandia	CT	10900	36
lambsear	asdf	George Georgeson	8016661212	george@georgegeorgeson.com	555 L St	Georgelandia	CT	10900	36	
joegeorgeson	Joe Georgeson	8016661212	george@georgegeorgeson.com	555 L St	Georgelandia	CT	10900	36		
carlcarlson	asdf	Carl Carlson	8014441212	carl@carlcarlson.com	555 State St	Carllandia	CT	10900	44	
dullestucker02	asdf	Carls Carlson	8014441212	carl@carlcarlson.com	555 State St	Carllandia	CT	10900	44	
clartoncarlson	asdf	Carlton Carlson	8014441212	carl@carlcarlson.com	303 State St	Carllandia	CT	10900	44	
vicvickson	Vic Vickson	8013331212	vic@vicvickson.com	555 High St	Vicklandia	CT	10900	55		
dullestucker03	asdf	Vicker Vickson	8013331212	vic@vicvickson.com	555 High St	Vicklandia	CT	10900	55	
victorvickson	asdf	Victor Vickson	8013331212	vic@vicvickson.com	303 High St	Vicklandia	CT	10900	55	
caroldemure	Carol Demure	8012221212	carol@caroldemure.com	555 J St	Carollandia	CT	10900	66		
carolinedemure	asdf	Caroline Demure	8012221212	carol@caroldemure.com	303 J St	Carollandia	CT	10900	66	
jaymccardiovascular	asdf	Jay	McCardioVascular	8011111212	jay@exercisealot.com	555 K St	Cardiolandia	CT	10900	77
bobbobson	asdf	Bob Bobson	8015551212	bob@bobbobson.com	555 Main St	Boblandia	CT	10900	33	
dullestucker01	asdf	Bobby Bobson	8015551212	bob@bobbobson.com	555 Main St	Boblandia	CT	10900	33	
robbobson	asdf	Robert Bobson	8015551212	bob@bobbobson.com	303 Main St	Boblandia	CT	10900	33	
georgegeorgeson	asdf	George	Georgeson	8016661212	george@georgegeorgeson.com	555 L St	Georgelandia	CT	10900	36
lambsear	asdf	George Georgeson	8016661212	george@georgegeorgeson.com	555 L St	Georgelandia	CT	10900	36	
joegeorgeson	Joe Georgeson	8016661212	george@georgegeorgeson.com	555 L St	Georgelandia	CT	10900	36		
carlcarlson	asdf	Carl Carlson	8014441212	carl@carlcarlson.com	555 State St	Carllandia	CT	10900	44	
dullestucker02	asdf	Carls Carlson	8014441212	carl@carlcarlson.com	555 State St	Carllandia	CT	10900	44	
clartoncarlson	asdf	Carlton Carlson	8014441212	carl@carlcarlson.com	303 State St	Carllandia	CT	10900	44	
vicvickson	Vic Vickson	8013331212	vic@vicvickson.com	555 High St	Vicklandia	CT	10900	55		
dullestucker03	asdf	Vicker Vickson	8013331212	vic@vicvickson.com	555 High St	Vicklandia	CT	10900	55	
victorvickson	asdf	Victor Vickson	8013331212	vic@vicvickson.com	303 High St	Vicklandia	CT	10900	55	
caroldemure	Carol Demure	8012221212	carol@caroldemure.com	555 J St	Carollandia	CT	10900	66		
carolinedemure	asdf	Caroline Demure	8012221212	carol@caroldemure.com	303 J St	Carollandia	CT	10900	66	
jaymccardiovascular	asdf	Jay	McCardioVascular	8011111212	jay@exercisealot.com	555 K St	Cardiolandia	CT	10900	77
bobbobson	asdf	Bob Bobson	8015551212	bob@bobbobson.com	555 Main St	Boblandia	CT	10900	33	
dullestucker01	asdf	Bobby Bobson	8015551212	bob@bobbobson.com	555 Main St	Boblandia	CT	10900	33	
robbobson	asdf	Robert Bobson	8015551212	bob@bobbobson.com	303 Main St	Boblandia	CT	10900	33	
georgegeorgeson	asdf	George	Georgeson	8016661212	george@georgegeorgeson.com	555 L St	Georgelandia	CT	10900	36
lambsear	asdf	George Georgeson	8016661212	george@georgegeorgeson.com	555 L St	Georgelandia	CT	10900	36	
joegeorgeson	Joe Georgeson	8016661212	george@georgegeorgeson.com	555 L St	Georgelandia	CT	10900	36		
carlcarlson	asdf	Carl Carlson	8014441212	carl@carlcarlson.com	555 State St	Carllandia	CT	10900	44	
dullestucker02	asdf	Carls Carlson	8014441212	carl@carlcarlson.com	555 State St	Carllandia	CT	10900	44	
clartoncarlson	asdf	Carlton Carlson	8014441212	carl@carlcarlson.com	303 State St	Carllandia	CT	10900	44	
vicvickson	Vic Vickson	8013331212	vic@vicvickson.com	555 High St	Vicklandia	CT	10900	55		
dullestucker03	asdf	Vicker Vickson	8013331212	vic@vicvickson.com	555 High St	Vicklandia	CT	10900	55	
victorvickson	asdf	Victor Vickson	8013331212	vic@vicvickson.com	303 High St	Vicklandia	CT	10900	55	
caroldemure	Carol Demure	8012221212	carol@caroldemure.com	555 J St	Carollandia	CT	10900	66		
carolinedemure	asdf	Caroline Demure	8012221212	carol@caroldemure.com	303 J St	Carollandia	CT	10900	66	
jaymccardiovascular	asdf	Jay	McCardioVascular	8011111212	jay@exercisealot.com	555 K St	Cardiolandia	CT	10900	77
bobbobson	asdf	Bob Bobson	8015551212	bob@bobbobson.com	555 Main St	Boblandia	CT	10900	33	
dullestucker01	asdf	Bobby Bobson	8015551212	bob@bobbobson.com	555 Main St	Boblandia	CT	10900	33	
robbobson	asdf	Robert Bobson	8015551212	bob@bobbobson.com	303 Main St	Boblandia	CT	10900	33	
georgegeorgeson	asdf	George	Georgeson	8016661212	george@georgegeorgeson.com	555 L St	Georgelandia	CT	10900	36
lambsear	asdf	George Georgeson	8016661212	george@georgegeorgeson.com	555 L St	Georgelandia	CT	10900	36	
joegeorgeson	Joe Georgeson	8016661212	george@georgegeorgeson.com	555 L St	Georgelandia	CT	10900	36		
carlcarlson	asdf	Carl Carlson	8014441212	carl@carlcarlson.com	555 State St	Carllandia	CT	10900	44	
dullestucker02	asdf	Carls Carlson	8014441212	carl@carlcarlson.com	555 State St	Carllandia	CT	10900	44	
clartoncarlson	asdf	Carlton Carlson	8014441212	carl@carlcarlson.com	303 State St	Carllandia	CT	10900	44	
vicvickson	Vic Vickson	8013331212	vic@vicvickson.com	555 High St	Vicklandia	CT	10900	55		
dullestucker03	asdf	Vicker Vickson	8013331212	vic@vicvickson.com	555 High St	Vicklandia	CT	10900	55	
victorvickson	asdf	Victor Vickson	8013331212	vic@vicvickson.com	303 High St	Vicklandia	CT	10900	55	
caroldemure	Carol Demure	8012221212	carol@caroldemure.com	555 J St	Carollandia	CT	10900	66		
carolinedemure	asdf	Caroline Demure	8012221212	carol@caroldemure.com	303 J St	Carollandia	CT	10900	66	
jaymccardiovascular	asdf	Jay	McCardioVascular	8011111212	jay@exercisealot.com	555 K St	Cardiolandia	CT	10900	77
bobbobson	asdf	Bob Bobson	8015551212	bob@bobbobson.com	555 Main St	Boblandia	CT	10900	33	
dullestucker01	asdf	Bobby Bobson	8015551212	bob@bobbobson.com	555 Main St	Boblandia	CT	10900	33	
robbobson	asdf	Robert Bobson	8015551212	bob@bobbobson.com	303 Main St	Boblandia	CT	10900	33	
georgegeorgeson	asdf	George	Georgeson	8016661212	george@georgegeorgeson.com	555 L St	Georgelandia	CT	10900	36
lambsear	asdf	George Georgeson	8016661212	george@georgegeorgeson.com	555 L St	Georgelandia	CT	10900	36	
joegeorgeson	Joe Georgeson	8016661212	george@georgegeorgeson.com	555 L St	Georgelandia	CT	10900	36		
carlcarlson	asdf	Carl Carlson	8014441212	carl@carlcarlson.com	555 State St	Carllandia	CT	10900	44	
dullestucker02	asdf	Carls Carlson	8014441212	carl@carlcarlson.com	555 State St	Carllandia	CT	10900	44	
clartoncarlson	asdf	Carlton Carlson	8014441212	carl@carlcarlson.com	303 State St	Carllandia	CT	10900	44	
vicvickson	Vic Vickson	8013331212	vic@vicvickson.com	555 High St	Vicklandia	CT	10900	55		
dullestucker03	asdf	Vicker Vickson	8013331212	vic@vicvickson.com	555 High St	Vicklandia	CT	10900	55	
victorvickson	asdf	Victor Vickson	8013331212	vic@vicvickson.com	303 High St	Vicklandia	CT	10900	55	
caroldemure	Carol Demure	8012221212	carol@caroldemure.com	555 J St	Carollandia	CT	10900	66		
carolinedemure	asdf	Caroline Demure	8012221212	carol@caroldemure.com	303 J St	Carollandia	CT	10900	66	
jaymccardiovascular	asdf	Jay	McCardioVascular	8011111212	jay@exercisealot.com	555 K St	Cardiolandia	CT	10900	77
bobbobson	asdf	Bob Bobson	8015551212	bob@bobbobson.com	555 Main St	Boblandia	CT	10900	33	
dullestucker01	asdf	Bobby Bobson	8015551212	bob@bobbobson.com	555 Main St	Boblandia	CT	10900	33	
robbobson	asdf	Robert Bobson	8015551212	bob@bobbobson.com	303 Main St	Boblandia	CT	10900	33	
georgegeorgeson	asdf	George	Georgeson	8016661212	george@georgegeorgeson.com	555 L St	Georgelandia	CT	10900	36
lambsear	asdf	George Georgeson	8016661212	george@georgegeorgeson.com	555 L St	Georgelandia	CT	10900	36	
joegeorgeson	Joe Georgeson	8016661212	george@georgegeorgeson.com	555 L St	Georgelandia	CT	10900	36		
carlcarlson	asdf	Carl Carlson	8014441212	carl@carlcarlson.com	555 State St	Carllandia	CT	10900	44	
dullestucker02	asdf	Carls Carlson	8014441212	carl@carlcarlson.com	555 State St	Carllandia	CT	10900	44	
clartoncarlson	asdf	Carlton Carlson	8014441212	carl@carlcarlson.com	303 State St	Carllandia	CT	10900	44	
vicvickson	Vic Vickson	8013331212	vic@vicvickson.com	555 High St	Vicklandia	CT	10900	55		
dullestucker03	asdf	Vicker Vickson	8013331212	vic@vicvickson.com	555 High St	Vicklandia	CT	10900	55	
victorvickson	asdf	Victor Vickson	8013331212	vic@vicvickson.com	303 High St	Vicklandia	CT	10900	55	
caroldemure	Carol Demure	8012221212	carol@caroldemure.com	555 J St	Carollandia	CT	10900	66		
carolinedemure	asdf	Caroline Demure	8012221212	carol@caroldemure.com	303 J St	Carollandia	CT	10900	66	
jaymccardiovascular	asdf	Jay	McCardioVascular	8011111212	jay@exercisealot.com	555 K St	Cardiolandia	CT	10900	77
bobbobson	asdf	Bob Bobson	8015551212	bob@bobbobson.com	555 Main St	Boblandia	CT	10900	33	
dullestucker01	asdf	Bobby Bobson	8015551212	bob@bobbobson.com	555 Main St	Boblandia	CT	10900	33	
robbobson	asdf	Robert Bobson	8015551212	bob@bobbobson.com	303 Main St	Boblandia	CT	10900	33	
georgegeorgeson	asdf	George	Georgeson	8016661212	george@georgegeorgeson.com	555 L St	Georgelandia	CT	10900	36
lambsear	asdf	George Georgeson	8016661212	george@georgegeorgeson.com	555 L St	Georgelandia	CT	10900	36	
joegeorgeson	Joe Georgeson	8016661212	george@georgegeorgeson.com	555 L St	Georgelandia	CT	10900	36		
carlcarlson	asdf	Carl Carlson	8014441212	carl@carlcarlson.com	555 State St	Carllandia	CT	10900	44	
dullestucker02	asdf	Carls Carlson	8014441212	carl@carlcarlson.com	555 State St	Carllandia	CT	10900	44	
clartoncarlson	asdf	Carlton Carlson	8014441212	carl@carlcarlson.com	303 State St	Carllandia	CT	10900	44	
vicvickson	Vic Vickson	8013331212	vic@vicvickson.com	555 High St	Vicklandia	CT	10900	55		
dullestucker03	asdf	Vicker Vickson	8013331212	vic@vicvickson.com	555 High St	Vicklandia	CT	10900	55	
victorvickson	asdf	Victor Vickson	8013331212	vic@vicvickson.com	303 High St	Vicklandia	CT	10900	55	
caroldemure	Carol Demure	8012221212	carol@caroldemure.com	555 J St	Carollandia	CT	10900	66		
carolinedemure	asdf	Caroline Demure	8012221212	carol@caroldemure.com	303 J St	Carollandia	CT	10900	66	
jaymccardiovascular	asdf	Jay	McCardioVascular	8011111212	jay@exercisealot.com	555 K St	Cardiolandia	CT	10900	77
bobbobson	asdf	Bob Bobson	8015551212	bob@bobbobson.com	555 Main St	Boblandia	CT	10900	33	
dullestucker01	asdf	Bobby Bobson	8015551212	bob@bobbobson.com	555 Main St	Boblandia	CT	10900	33	
robbobson	asdf	Robert Bobson	8015551212	bob@bobbobson.com	303 Main St	Boblandia	CT	10900	33	
georgegeorgeson	asdf	George	Georgeson	8016661212	george@georgegeorgeson.com	555 L St	Georgelandia	CT	10900	36
lambsear	asdf	George Georgeson	8016661212	george@georgegeorgeson.com	555 L St	Georgelandia	CT	10900	36	
joegeorgeson	Joe Georgeson	8016661212	george@georgegeorgeson.com	555 L St	Georgelandia	CT	10900	36		
carlcarlson	asdf	Carl Carlson	8014441212	carl@carlcarlson.com	555 State St	Carllandia	CT	10900	44	
dullestucker02	asdf	Carls Carlson	8014441212	carl@carlcarlson.com	555 State St	Carllandia	CT	10900	44	
clartoncarlson	asdf	Carlton Carlson	8014441212	carl@carlcarlson.com	303 State St	Carllandia	CT	10900	44	
vicvickson	Vic Vickson	8013331212	vic@vicvickson.com	555 High St	Vicklandia	CT	10900	55		
dullestucker03	asdf	Vicker Vickson	8013331212	vic@vicvickson.com	555 High St	Vicklandia	CT	10900	55	
victorvickson	asdf	Victor Vickson	8013331212	vic@vicvickson.com	303 High St	Vicklandia	CT	10900	55	
caroldemure	Carol Demure	8012221212	carol@caroldemure.com	555 J St	Carollandia	CT	10900	66		
carolinedemure	asdf	Caroline Demure	8012221212	carol@caroldemure.com	303 J St	Carollandia	CT	10900	66	
jaymccardiovascular	asdf	Jay	McCardioVascular	8011111212	jay@exercisealot.com	555 K St	Cardiolandia	CT	10900	77
bobbobson	asdf	Bob Bobson	8015551212	bob@bobbobson.com	555 Main St	Boblandia	CT	10900	33	
dullestucker01	asdf	Bobby Bobson	8015551212	bob@bobbobson.com	555 Main St	Boblandia	CT	10900	33	
robbobson	asdf	Robert Bobson	8015551212	bob@bobbobson.com	303 Main St	Boblandia	CT	10900	33	
georgegeorgeson	asdf	George	Georgeson	8016661212	george@georgegeorgeson.com	555 L St	Georgelandia	CT	10900	36
lambsear	asdf	George Georgeson	8016661212	george@georgegeorgeson.com	555 L St	Georgelandia	CT	10900	36	
joegeorgeson	Joe Georgeson	8016661212	george@georgegeorgeson.com	555 L St	Georgelandia	CT	10900	36		
carlcarlson	asdf	Carl Carlson	8014441212	carl@carlcarlson.com	555 State St	Carllandia	CT	10900	44	
dullestucker02	asdf	Carls Carlson	8014441212	carl@carlcarlson.com	555 State St	Carllandia	CT	10900	44	
clartoncarlson	asdf	Carlton Carlson	8014441212	carl@carlcarlson.com	303 State St	Carllandia	CT	10900	44	
vicvickson	Vic Vickson	8013331212	vic@vicvickson.com	555 High St	Vicklandia	CT	10900	55		
dullestucker03	asdf	Vicker Vickson	8013331212	vic@vicvickson.com	555 High St	Vicklandia	CT	10900	55	
victorvickson	asdf	Victor Vickson	8013331212	vic@vicvickson.com	303 High St	Vicklandia	CT	10900	55	
caroldemure	Carol Demure	8012221212	carol@caroldemure.com	555 J St	Carollandia	CT	10900	66		
carolinedemure	asdf	Caroline Demure	8012221212	carol@caroldemure.com	303 J St	Carollandia	CT	10900	66	
jaymccardiovascular	asdf	Jay	McCardioVascular	8011111212	jay@exercisealot.com	555 K St	Cardiolandia	CT	10900	77
bobbobson	asdf	Bob Bobson	8015551212	bob@bobbobson.com	555 Main St	Boblandia	CT	10900	33	
dullestucker01	asdf	Bobby Bobson	8015551212	bob@bobbobson.com	555 Main St	Boblandia	CT	10900	33	
robbobson	asdf	Robert Bobson	8015551212	bob@bobbobson.com	303 Main St	Boblandia	CT	10900	33	
georgegeorgeson	asdf	George	Georgeson	8016661212	george@georgegeorgeson.com	555 L St	Georgelandia	CT	10900	36
lambsear	asdf	George Georgeson	8016661212	george@georgegeorgeson.com	555 L St	Georgelandia	CT	10900	36	
joegeorgeson	Joe Georgeson	8016661212	george@georgegeorgeson.com	555 L St	Georgelandia	CT	10900	36		
carlcarlson	asdf	Carl Carlson	8014441212	carl@carlcarlson.com	555 State St	Carllandia	CT	10900	44	
dullestucker02	asdf	Carls Carlson	8014441212	carl@carlcarlson.com	555 State St	Carllandia	CT	10900	44	
clartoncarlson	asdf	Carlton Carlson	8014441212	carl@carlcarlson.com	303 State St	Carllandia	CT	10900	44	
vicvickson	Vic Vickson	8013331212	vic@vicvickson.com	555 High St	Vicklandia	CT	10900	55		
dullestucker03	asdf	Vicker Vickson	8013331212	vic@vicvickson.com	555 High St	Vicklandia	CT	10900	55	
victorvickson	asdf	Victor Vickson	8013331212	vic@vicvickson.com	303 High St	Vicklandia	CT	10900	55	
caroldemure	Carol Demure	8012221212	carol@caroldemure.com	555 J St	Carollandia	CT	10900	66		
carolinedemure	asdf	Caroline Demure	8012221212	carol@caroldemure.com	303 J St	Carollandia	CT	10900	66	
jaymccardiovascular	asdf	Jay	McCardioVascular	8011111212	jay@exercisealot.com	555 K St	Cardiolandia	CT	10900	77
bobbobson	asdf	Bob Bobson	8015551212	bob@bobbobson.com	555 Main St	Boblandia	CT	10900	33	
dullestucker01	asdf	Bobby Bobson	8015551212	bob@bobbobson.com	555 Main St	Boblandia	CT	10900	33	
robbobson	asdf	Robert Bobson	8015551212	bob@bobbobson.com	303 Main St	Boblandia	CT	10900	33	
georgegeorgeson	asdf	George	Georgeson	8016661212	george@georgegeorgeson.com	555 L St	Georgelandia	CT	10900	36
lambsear	asdf	George Georgeson	8016661212	george@georgegeorgeson.com	555 L St	Georgelandia	CT	10900	36	
joegeorgeson	Joe Georgeson	8016661212	george@georgegeorgeson.com	555 L St	Georgelandia	CT	10900	36		
carlcarlson	asdf	Carl Carlson	8014441212	carl@carlcarlson.com	555 State St	Carllandia	CT	10900	44	
dullestucker02	asdf	Carls Carlson	8014441212	carl@carlcarlson.com	555 State St	Carllandia	CT	10900	44	
clartoncarlson	asdf	Carlton Carlson	8014441212	carl@carlcarlson.com	303 State St	Carllandia	CT	10900	44	
vicvickson	Vic Vickson	8013331212	vic@vicvickson.com	555 High St	Vicklandia	CT	10900	55		
dullestucker03	asdf	Vicker Vickson	8013331212	vic@vicvickson.com	555 High St	Vicklandia	CT	10900	55	
victorvickson	asdf	Victor Vickson	8013331212	vic@vicvickson.com	303 High St	Vicklandia	CT	10900	55	
caroldemure	Carol Demure	8012221212	carol@caroldemure.com	555 J St	Carollandia	CT	10900	66		
carolinedemure	asdf	Caroline Demure	8012221212	carol@caroldemure.com	303 J St	Carollandia	CT	10900	66	
jaymccardiovascular	asdf	Jay	McCardioVascular	8011111212	jay@exercisealot.com	555 K St	Cardiolandia	CT	10900	77
bobbobson	asdf	Bob Bobson	8015551212	bob@bobbobson.com	555 Main St	Boblandia	CT	10900	33	
dullestucker01	asdf	Bobby Bobson	8015551212	bob@bobbobson.com	555 Main St	Boblandia	CT	10900	33	
robbobson	asdf	Robert Bobson	8015551212	bob@bobbobson.com	303 Main St	Boblandia	CT	10900	33	
georgegeorgeson	asdf	George	Georgeson	8016661212	george@georgegeorgeson.com	555 L St	Georgelandia	CT	10900	36
lambsear	asdf	George Georgeson	8016661212	george@georgegeorgeson.com	555 L St	Georgelandia	CT	10900	36	
joegeorgeson	Joe Georgeson	8016661212	george@georgegeorgeson.com	555 L St	Georgelandia	CT	10900	36		
carlcarlson	asdf	Carl Carlson	8014441212	carl@carlcarlson.com	555 State St	Carllandia	CT	10900	44	
dullestucker02	asdf	Carls Carlson	8014441212	carl@carlcarlson.com	555 State St	Carllandia	CT	10900	44	
clartoncarlson	asdf	Carlton Carlson	8014441212	carl@carlcarlson.com	303 State St	Carllandia	CT	10900	44	
vicvickson	Vic Vickson	8013331212	vic@vicvickson.com	555 High St	Vicklandia	CT	10900	55		
dullestucker03	asdf	Vicker Vickson	8013331212	vic@vicvickson.com	555 High St	Vicklandia	CT	10900	55	
victorvickson	asdf	Victor Vickson	8013331212	vic@vicvickson.com	303 High St	Vicklandia	CT	10900	55	
caroldemure	Carol Demure	8012221212	carol@caroldemure.com	555 J St	Carollandia	CT	10900	66		
carolinedemure	asdf	Caroline Demure	8012221212	carol@caroldemure.com	303 J St	Carollandia	CT	10900	66	
jaymccardiovascular	asdf	Jay	McCardioVascular	8011111212	jay@exercisealot.com	555 K St	Cardiolandia	CT	10900	77
bobbobson	asdf	Bob Bobson	8015551212	bob@bobbobson.com	555 Main St	Boblandia	CT	10900	33	
dullestucker01	asdf	Bobby Bobson	8015551212	bob@bobbobson.com	555 Main St	Boblandia	CT	10900	33	
robbobson	asdf	Robert Bobson	8015551212	bob@bobbobson.com	303 Main St	Boblandia	CT	10900	33	
georgegeorgeson	asdf	George	Georgeson	8016661212	george@georgegeorgeson.com	555 L St	Georgelandia	CT	10900	36
lambsear	asdf	George Georgeson	8016661212	george@georgegeorgeson.com	555 L St	Georgelandia	CT	10900	36	
joegeorgeson	Joe Georgeson	8016661212	george@georgegeorgeson.com	555 L St	Georgelandia	CT	10900	36		
carlcarlson	asdf	Carl Carlson	8014441212	carl@carlcarlson.com	555 State St	Carllandia	CT	10900	44	
dullestucker02	asdf	Carls Carlson	8014441212	carl@carlcarlson.com	555 State St	Carllandia	CT	10900	44	
clartoncarlson	asdf	Carlton Carlson	8014441212	carl@carlcarlson.com	303 State St	Carllandia	CT	10900	44	
vicvickson	Vic Vickson	8013331212	vic@vicvickson.com	555 High St	Vicklandia	CT	10900	55		
dullestucker03	asdf	Vicker Vickson	8013331212	vic@vicvickson.com	555 High St	Vicklandia	CT	10900	55	
victorvickson	asdf	Victor Vickson	8013331212	vic@vicvickson.com	303 High St	Vicklandia	CT	10900	55	
caroldemure	Carol Demure	8012221212	carol@caroldemure.com	555 J St	Carollandia	CT	10900	66		
carolinedemure	asdf	Caroline Demure	8012221212	carol@caroldemure.com	303 J St	Carollandia	CT	10900	66	
jaymccardiovascular	asdf	Jay	McCardioVascular	8011111212	jay@exercisealot.com	555 K St	Cardiolandia	CT	10900	77
bobbobson	asdf	Bob Bobson	8015551212	bob@bobbobson.com	555 Main St	Boblandia	CT	10900	33	
dullestucker01	asdf	Bobby Bobson	8015551212	bob@bobbobson.com	555 Main St	Boblandia	CT	10900	33	
robbobson	asdf	Robert Bobson	8015551212	bob@bobbobson.com	303 Main St	Boblandia	CT	10900	33	
georgegeorgeson	asdf	George	Georgeson	8016661212	george@georgegeorgeson.com	555 L St	Georgelandia	CT	10900	36
lambsear	asdf	George Georgeson	8016661212	george@georgegeorgeson.com	555 L St	Georgelandia	CT	10900	36	
joegeorgeson	Joe Georgeson	8016661212	george@georgegeorgeson.com	555 L St	Georgelandia	CT	10900	36		
carlcarlson	asdf	Carl Carlson	8014441212	carl@carlcarlson.com	555 State St	Carllandia	CT	10900	44	
dullestucker02	asdf	Carls Carlson	8014441212	carl@carlcarlson.com	555 State St	Carllandia	CT	10900	44	
clartoncarlson	asdf	Carlton Carlson	8014441212	carl@carlcarlson.com	303 State St	Carllandia	CT	10900	44	
vicvickson	Vic Vickson	8013331212	vic@vicvickson.com	555 High St	Vicklandia	CT	10900	55		
dullestucker03	asdf	Vicker Vickson	8013331212	vic@vicvickson.com	555 High St	Vicklandia	CT	10900	55	
victorvickson	asdf	Victor Vickson	8013331212	vic@vicvickson.com	303 High St	Vicklandia	CT	10900	55	
caroldemure	Carol Demure	8012221212	carol@caroldemure.com	555 J St	Carollandia	CT	10900	66		
carolinedemure	asdf	Caroline Demure	8012221212	carol@caroldemure.com	303 J St	Carollandia	CT	10900	66	
jaymccardiovascular	asdf	Jay	McCardioVascular	8011111212	jay@exercisealot.com	555 K St	Cardiolandia	CT	10900	77
bobbobson	asdf	Bob Bobson	8015551212	bob@bobbobson.com	555 Main St	Boblandia	CT	10900	33	
dullestucker01	asdf	Bobby Bobson	8015551212	bob@bobbobson.com	555 Main St	Boblandia	CT	10900	33	
robbobson	asdf	Robert Bobson	8015551212	bob@bobbobson.com	303 Main St	Boblandia	CT	10900	33	
georgegeorgeson	asdf	George	Georgeson	8016661212	george@georgegeorgeson.com	555 L St	Georgelandia	CT	10900	36
lambsear	asdf	George Georgeson	8016661212	george@georgegeorgeson.com	555 L St	Georgelandia	CT	10900	36	
joegeorgeson	Joe Georgeson	8016661212	george@georgegeorgeson.com	555 L St	Georgelandia	CT	10900	36		
carlcarlson	asdf	Carl Carlson	8014441212	carl@carlcarlson.com	555 State St	Carllandia	CT	10900	44	
dullestucker02	asdf	Carls Carlson	8014441212	carl@carlcarlson.com	555 State St	Carllandia	CT	10900	44	
clartoncarlson	asdf	Carlton Carlson	8014441212	carl@carlcarlson.com	303 State St	Carllandia	CT	10900	44	
vicvickson	Vic Vickson	8013331212	vic@vicvickson.com	555 High St	Vicklandia	CT	10900	55		
dullestucker03	asdf	Vicker Vickson	8013331212	vic@vicvickson.com	555 High St	Vicklandia	CT	10900	55	
victorvickson	asdf	Victor Vickson	8013331212	vic@vicvickson.com	303 High St	Vicklandia	CT	10900	55	
caroldemure	Carol Demure	8012221212	carol@caroldemure.com	555 J St	Carollandia	CT	10900	66		
carolinedemure	asdf	Caroline Demure	8012221212	carol@caroldemure.com	303 J St	Carollandia	CT	10900	66	
jaymccardiovascular	asdf	Jay	McCardioVascular	8011111212	jay@exercisealot.com	555 K St	Cardiolandia	CT	10900	77
bobbobson	asdf	Bob Bobson	8015551212	bob@bobbobson.com	555 Main St	Boblandia	CT	10900	33	
dullestucker01	asdf	Bobby Bobson	8015551212	bob@bobbobson.com	555 Main St	Boblandia	CT	10900	33	
robbobson	asdf	Robert Bobson	8015551212	bob@bobbobson.com	303 Main St	Boblandia	CT	10900	33	
georgegeorgeson	asdf	George	Georgeson	8016661212	george@georgegeorgeson.com	555 L St	Georgelandia	CT	10900	36
lambsear	asdf	George Georgeson	8016661212	george@georgegeorgeson.com	555 L St	Georgelandia	CT	10900	36	
joegeorgeson	Joe Georgeson	8016661212	george@georgegeorgeson.com	555 L St	Georgelandia	CT	10900	36		
carlcarlson	asdf	Carl Carlson	8014441212	carl@carlcarlson.com	555 State St	Carllandia	CT	10900	44	
dullestucker02	asdf	Carls Carlson	8014441212	carl@carlcarlson.com	555 State St	Carllandia	CT	10900	44	
clartoncarlson	asdf	Carlton Carlson	8014441212	carl@carlcarlson.com	303 State St	Carllandia	CT	10900	44	
vicvickson	Vic Vickson	8013331212	vic@vicvickson.com	555 High St	Vicklandia	CT	10900	55		
dullestucker03	asdf	Vicker Vickson	8013331212	vic@vicvickson.com	555 High St	Vicklandia	CT	10900	55	
victorvickson	asdf	Victor Vickson	8013331212	vic@vicvickson.com	303 High St	Vicklandia	CT	10900	55	
caroldemure	Carol Demure	8012221212	carol@caroldemure.com	555 J St	Carollandia	CT	10900	66		
carolinedemure	asdf	Caroline Demure	8012221212	carol@caroldemure.com	303 J St	Carollandia	CT	10900	66	
jaymccardiovascular	asdf	Jay	McCardioVascular	8011111212	jay@exercisealot.com	555 K St	Cardiolandia	CT	10900	77
bobbobson	asdf	Bob Bobson	8015551212	bob@bobbobson.com	555 Main St	Boblandia	CT	10900	33	
dullestucker01	asdf	Bobby Bobson	8015551212	bob@bobbobson.com	555 Main St	Boblandia	CT	10900	33	
robbobson	asdf	Robert Bobson	8015551212	bob@bobbobson.com	303 Main St	Boblandia	CT	10900	33	
georgegeorgeson	asdf	George	Georgeson	8016661212	george@georgegeorgeson.com	555 L St	Georgelandia	CT	10900	36
lambsear	asdf	George Georgeson	8016661212	george@georgegeorgeson.com	555 L St	Georgelandia	CT	10900	36	
joegeorgeson	Joe Georgeson	8016661212	george@georgegeorgeson.com	555 L St	Georgelandia	CT	10900	36		
carlcarlson	asdf	Carl Carlson	8014441212	carl@carlcarlson.com	555 State St	Carllandia	CT	10900	44	
dullestucker02	asdf	Carls Carlson	8014441212	carl@carlcarlson.com	555 State St	Carllandia	CT	10900	44	
clartoncarlson	asdf	Carlton Carlson	8014441212	carl@carlcarlson.com	303 State St	Carllandia	CT	10900	44	
vicvickson	Vic Vickson	8013331212	vic@vicvickson.com	555 High St	Vicklandia	CT	10900	55		
dullestucker03	asdf	Vicker Vickson	8013331212	vic@vicvickson.com	555 High St	Vicklandia	CT	10900	55	
victorvickson	asdf	Victor Vickson	8013331212	vic@vicvickson.com	303 High St	Vicklandia	CT	10900	55	
caroldemure	Carol Demure	8012221212	carol@caroldemure.com	555 J St	Carollandia	CT	10900	66		
carolinedemure	asdf	Caroline Demure	8012221212	carol@caroldemure.com	303 J St	Carollandia	CT	10900	66	
jaymccardiovascular	asdf	Jay	McCardioVascular	8011111212	jay@exercisealot.com	555 K St	Cardiolandia	CT	10900	77
bobbobson	asdf	Bob Bobson	8015551212	bob@bobbobson.com	555 Main St	Boblandia	CT	10900	33	
dullestucker01	asdf	Bobby Bobson	8015551212	bob@bobbobson.com	555 Main St	Boblandia	CT	10900	33	
robbobson	asdf	Robert Bobson	8015551212	bob@bobbobson.com	303 Main St	Boblandia	CT	10900	33	
georgegeorgeson	asdf	George	Georgeson	8016661212	george@georgegeorgeson.com	555 L St	Georgelandia	CT	10900	36
lambsear	asdf	George Georgeson	8016661212	george@georgegeorgeson.com	555 L St	Georgelandia	CT	10900	36	
joegeorgeson	Joe Georgeson	8016661212	george@georgegeorgeson.com	555 L St	Georgelandia	CT	10900	36		
carlcarlson	asdf	Carl Carlson	8014441212	carl@carlcarlson.com	555 State St	Carllandia	CT	10900	44	
dullestucker02	asdf	Carls Carlson	8014441212	carl@carlcarlson.com	555 State St	Carllandia	CT	10900	44	
clartoncarlson	asdf	Carlton Carlson	8014441212	carl@carlcarlson.com	303 State St	Carllandia	CT	10900	44	
vicvickson	Vic Vickson	8013331212	vic@vicvickson.com	555 High St	Vicklandia	CT	10900	55		
dullestucker03	asdf	Vicker Vickson	8013331212	vic@vicvickson.com	555 High St	Vicklandia	CT	10900	55	
victorvickson	asdf	Victor Vickson	8013331212	vic@vicvickson.com	303 High St	Vicklandia	CT	10900	55	
caroldemure	Carol Demure	8012221212	carol@caroldemure.com	555 J St	Carollandia	CT	10900	66		
carolinedemure	asdf	Caroline Demure	8012221212	carol@caroldemure.com	303 J St	Carollandia	CT	10900	66	
jaymccardiovascular	asdf	Jay	McCardioVascular	8011111212	jay@exercisealot.com	555 K St	Cardiolandia	CT	10900	77
bobbobson	asdf	Bob Bobson	8015551212	bob@bobbobson.com	555 Main St	Boblandia	CT	10900	33	
dullestucker01	asdf	Bobby Bobson	8015551212	bob@bobbobson.com	555 Main St	Boblandia	CT	10900	33	
robbobson	asdf	Robert Bobson	8015551212	bob@bobbobson.com	303 Main St	Boblandia	CT	10900	33	
georgegeorgeson	asdf	George	Georgeson	8016661212	george@georgegeorgeson.com	555 L St	Georgelandia	CT	10900	36
lambsear	asdf	George Georgeson	8016661212	george@georgegeorgeson.com	555 L St	Georgelandia	CT	10900	36	
joegeorgeson	Joe Georgeson	8016661212	george@georgegeorgeson.com	555 L St	Georgelandia	CT	10900	36		
carlcarlson	asdf	Carl Carlson	8014441212	carl@carlcarlson.com	555 State St	Carllandia	CT	10900	44	
dullestucker02	asdf	Carls Carlson	8014441212	carl@carlcarlson.com	555 State St	Carllandia	CT	10900	44	
clartoncarlson	asdf	Carlton Carlson	8014441212	carl@carlcarlson.com	303 State St	Carllandia	CT	10900	44	
vicvickson	Vic Vickson	8013331212	vic@vicvickson.com	555 High St	Vicklandia	CT	10900	55		
dullestucker03	asdf	Vicker Vickson	8013331212	vic@vicvickson.com	555 High St	Vicklandia	CT	10900	55	
victorvickson	asdf	Victor Vickson	8013331212	vic@vicvickson.com	303 High St	Vicklandia	CT	10900	55	
caroldemure	Carol Demure	8012221212	carol@caroldemure.com	555 J St	Carollandia	CT	10900	66		
carolinedemure	asdf	Caroline Demure	8012221212	carol@caroldemure.com	303 J St	Carollandia	CT	10900	66	
jaymccardiovascular	asdf	Jay	McCardioVascular	8011111212	jay@exercisealot.com	555 K St	Cardiolandia	CT	10900	77
bobbobson	asdf	Bob Bobson	8015551212	bob@bobbobson.com	555 Main St	Boblandia	CT	10900	33	
dullestucker01	asdf	Bobby Bobson	8015551212	bob@bobbobson.com	555 Main St	Boblandia	CT	10900	33	
robbobson	asdf	Robert Bobson	8015551212	bob@bobbobson.com	303 Main St	Boblandia	CT	10900	33	
georgegeorgeson	asdf	George	Georgeson	8016661212	george@georgegeorgeson.com	555 L St	Georgelandia	CT	10900	36
lambsear	asdf	George Georgeson	8016661212	george@georgegeorgeson.com	555 L St	Georgelandia	CT	10900	36	
joegeorgeson	Joe Georgeson	8016661212	george@georgegeorgeson.com	555 L St	Georgelandia	CT	10900	36		
carlcarlson	asdf	Carl Carlson	8014441212	carl@carlcarlson.com	555 State St	Carllandia	CT	10900	44	
dullestucker02	asdf	Carls Carlson	8014441212	carl@carlcarlson.com	555 State St	Carllandia	CT	10900	44	
clartoncarlson	asdf	Carlton Carlson	8014441212	carl@carlcarlson.com	303 State St	Carllandia	CT	10900	44	
vicvickson	Vic Vickson	8013331212	vic@vicvickson.com	555 High St	Vicklandia	CT	10900	55		
dullestucker03	asdf	Vicker Vickson	8013331212	vic@vicvickson.com	555 High St	Vicklandia	CT	10900	55	
victorvickson	asdf	Victor Vickson	8013331212	vic@vicvickson.com	303 High St	Vicklandia	CT	10900	55	
caroldemure	Carol Demure	8012221212	carol@caroldemure.com	555 J St	Carollandia	CT	10900	66		
carolinedemure	asdf	Caroline Demure	8012221212	carol@caroldemure.com	303 J St	Carollandia	CT	10900	66	
jaymccardiovascular	asdf	Jay	McCardioVascular	8011111212	jay@exercisealot.com	555 K St	Cardiolandia	CT	10900	77
bobbobson	asdf	Bob Bobson	8015551212	bob@bobbobson.com	555 Main St	Boblandia	CT	10900	33	
dullestucker01	asdf	Bobby Bobson	8015551212	bob@bobbobson.com	555 Main St	Boblandia	CT	10900	33	
robbobson	asdf	Robert Bobson	8015551212	bob@bobbobson.com	303 Main St	Boblandia	CT	10900	33	
georgegeorgeson	asdf	George	Georgeson	8016661212	george@georgegeorgeson.com	555 L St	Georgelandia	CT	10900	36
lambsear	asdf	George Georgeson	8016661212	george@georgegeorgeson.com	555 L St	Georgelandia	CT	10900	36	
joegeorgeson	Joe Georgeson	8016661212	george@georgegeorgeson.com	555 L St	Georgelandia	CT	10900	36		
carlcarlson	asdf	Carl Carlson	8014441212	carl@carlcarlson.com	555 State St	Carllandia	CT	10900	44	
dullestucker02	asdf	Carls Carlson	8014441212	carl@carlcarlson.com	555 State St	Carllandia	CT	10900	44	
clartoncarlson	asdf	Carlton Carlson	8014441212	carl@carlcarlson.com	303 State St	Carllandia	CT	10900	44	
vicvickson	Vic Vickson	8013331212	vic@vicvickson.com	555 High St	Vicklandia	CT	10900	55		
dullestucker03	asdf	Vicker Vickson	8013331212	vic@vicvickson.com	555 High St	Vicklandia	CT	10900	55	
victorvickson	asdf	Victor Vickson	8013331212	vic@vicvickson.com	303 High St	Vicklandia	CT	10900	55	
caroldemure	Carol Demure	8012221212	carol@caroldemure.com	555 J St	Carollandia	CT	10900	66		
carolinedemure	asdf	Caroline Demure	8012221212	carol@caroldemure.com	303 J St	Carollandia	CT	10900	66	
jaymccardiovascular	asdf	Jay	McCardioVascular	8011111212	jay@exercisealot.com	555 K St	Cardiolandia	CT	10900	77
bobbobson	asdf	Bob Bobson	8015551212	bob@bobbobson.com	555 Main St	Boblandia	CT	10900	33	
dullestucker01	asdf	Bobby Bobson	8015551212	bob@bobbobson.com	555 Main St	Boblandia	CT	10900	33	
robbobson	asdf	Robert Bobson	8015551212	bob@bobbobson.com	303 Main St	Boblandia	CT	10900	33	
georgegeorgeson	asdf	George	Georgeson	8016661212	george@georgegeorgeson.com	555 L St	Georgelandia	CT	10900	36
lambsear	asdf	George Georgeson	8016661212	george@georgegeorgeson.com	555 L St	Georgelandia	CT	10900	36	
joegeorgeson	Joe Georgeson	8016661212	george@georgegeorgeson.com	555 L St	Georgelandia	CT	10900	36		
carlcarlson	asdf	Carl Carlson	8014441212	carl@carlcarlson.com	555 State St	Carllandia	CT	10900	44	
dullestucker02	asdf	Carls Carlson	8014441212	carl@carlcarlson.com	555 State St	Carllandia	CT	10900	44	
clartoncarlson	asdf	Carlton Carlson	8014441212	carl@carlcarlson.com	303 State St	Carllandia	CT	10900	44	
vicvickson	Vic Vickson	8013331212	vic@vicvickson.com	555 High St	Vicklandia	CT	10900	55		
dullestucker03	asdf	Vicker Vickson	8013331212	vic@vicvickson.com	555 High St	Vicklandia	CT	10900	55	
victorvickson	asdf	Victor Vickson	8013331212	vic@vicvickson.com	303 High St	Vicklandia	CT	10900	55	
caroldemure	Carol Demure	8012221212	carol@caroldemure.com	555 J St	Carollandia	CT	10900	66		
carolinedemure	asdf	Caroline Demure	8012221212	carol@caroldemure.com	303 J St	Carollandia	CT	10900	66	
jaymccardiovascular	asdf	Jay	McCardioVascular	8011111212	jay@exercisealot.com	555 K St	Cardiolandia	CT	10900	77
bobbobson	asdf	Bob Bobson	8015551212	bob@bobbobson.com	555 Main St	Boblandia	CT	10900	33	
dullestucker01	asdf	Bobby Bobson	8015551212	bob@bobbobson.com	555 Main St	Boblandia	CT	10900	33	
robbobson	asdf	Robert Bobson	8015551212	bob@bobbobson.com	303 Main St	Boblandia	CT	10900	33	
georgegeorgeson	asdf	George	Georgeson	8016661212	george@georgegeorgeson.com	555 L St	Georgelandia	CT	10900	36
lambsear	asdf	George Georgeson	8016661212	george@georgegeorgeson.com	555 L St	Georgelandia	CT	10900	36	
joegeorgeson	Joe Georgeson	8016661212	george@georgegeorgeson.com	555 L St	Georgelandia	CT	10900	36		
carlcarlson	asdf	Carl Carlson	8014441212	carl@carlcarlson.com	555 State St	Carllandia	CT	10900	44	
dullestucker02	asdf	Carls Carlson	8014441212	carl@carlcarlson.com	555 State St	Carllandia	CT	10900	44	
clartoncarlson	asdf	Carlton Carlson	8014441212	carl@carlcarlson.com	303 State St	Carllandia	CT	10900	44	
vicvickson	Vic Vickson	8013331212	vic@vicvickson.com	555 High St	Vicklandia	CT	10900	55		
dullestucker03	asdf	Vicker Vickson	8013331212	vic@vicvickson.com	555 High St	Vicklandia	CT	10900	55	
victorvickson	asdf	Victor Vickson	8013331212	vic@vicvickson.com	303 High St	Vicklandia	CT	10900	55	
caroldemure	Carol Demure	8012221212	carol@caroldemure.com	555 J St	Carollandia	CT	10900	66		
carolinedemure	asdf	Caroline Demure	8012221212	carol@caroldemure.com	303 J St	Carollandia	CT	10900	66	
jaymccardiovascular	asdf	Jay	McCardioVascular	8011111212	jay@exercisealot.com	555 K St	Cardiolandia	CT	10900	77
bobbobson	asdf	Bob Bobson	8015551212	bob@bobbobson.com	555 Main St	Boblandia	CT	10900	33	
dullestucker01	asdf	Bobby Bobson	8015551212	bob@bobbobson.com	555 Main St	Boblandia	CT	10900	33	
robbobson	asdf	Robert Bobson	8015551212	bob@bobbobson.com	303 Main St	Boblandia	CT	10900	33	
georgegeorgeson	asdf	George	Georgeson	8016661212	george@georgegeorgeson.com	555 L St	Georgelandia	CT	10900	36
lambsear	asdf	George Georgeson	8016661212	george@georgegeorgeson.com	555 L St	Georgelandia	CT	10900	36	
joegeorgeson	Joe Georgeson	8016661212	george@georgegeorgeson.com	555 L St	Georgelandia	CT	10900	36		
carlcarlson	asdf	Carl Carlson	8014441212	carl@carlcarlson.com	555 State St	Carllandia	CT	10900	44	
dullestucker02	asdf	Carls Carlson	8014441212	carl@carlcarlson.com	555 State St	Carllandia	CT	10900	44	
clartoncarlson	asdf	Carlton Carlson	8014441212	carl@carlcarlson.com	303 State St	Carllandia	CT	10900	44	
vicvickson	Vic Vickson	8013331212	vic@vicvickson.com	555 High St	Vicklandia	CT	10900	55		
dullestucker03	asdf	Vicker Vickson	8013331212	vic@vicvickson.com	555 High St	Vicklandia	CT	10900	55	
victorvickson	asdf	Victor Vickson	8013331212	vic@vicvickson.com	303 High St	Vicklandia	CT	10900	55	
caroldemure	Carol Demure	8012221212	carol@caroldemure.com	555 J St	Carollandia	CT	10900	66		
carolinedemure	asdf	Caroline Demure	8012221212	carol@caroldemure.com	303 J St	Carollandia	CT	10900	66	
jaymccardiovascular	asdf	Jay	McCardioVascular	8011111212	jay@exercisealot.com	555 K St	Cardiolandia	CT	10900	77
bobbobson	asdf	Bob Bobson	8015551212	bob@bobbobson.com	555 Main St	Boblandia	CT	10900	33	
dullestucker01	asdf	Bobby Bobson	8015551212	bob@bobbobson.com	555 Main St	Boblandia	CT	10900	33	
robbobson	asdf	Robert Bobson	8015551212	bob@bobbobson.com	303 Main St	Boblandia	CT	10900	33	
georgegeorgeson	asdf	George	Georgeson	8016661212	george@georgegeorgeson.com	555 L St	Georgelandia	CT	10900	36
lambsear	asdf	George Georgeson	8016661212	george@georgegeorgeson.com	555 L St	Georgelandia	CT	10900	36	
joegeorgeson	Joe Georgeson	8016661212	george@georgegeorgeson.com	555 L St	Georgelandia	CT	10900	36		
carlcarlson	asdf	Carl Carlson	8014441212	carl@carlcarlson.com	555 State St	Carllandia	CT	10900	44	
dullestucker02	asdf	Carls Carlson	8014441212	carl@carlcarlson.com	555 State St	Carllandia	CT	10900	44	
clartoncarlson	asdf	Carlton Carlson	8014441212	carl@carlcarlson.com	303 State St	Carllandia	CT	10900	44	
vicvickson	Vic Vickson	8013331212	vic@vicvickson.com	555 High St	Vicklandia	CT	10900	55		
dullestucker03	asdf	Vicker Vickson	8013331212	vic@vicvickson.com	555 High St	Vicklandia	CT	10900	55	
victorvickson	asdf	Victor Vickson	8013331212	vic@vicvickson.com	303 High St	Vicklandia	CT	10900	55	
caroldemure	Carol Demure	8012221212	carol@caroldemure.com	555 J St	Carollandia	CT	10900	66		
carolinedemure	asdf	Caroline Demure	8012221212	carol@caroldemure.com	303 J St	Carollandia	CT	10900	66	
jaymccardiovascular	asdf	Jay	McCardioVascular	8011111212	jay@exercisealot.com	555 K St	Cardiolandia	CT	10900	77
bobbobson	asdf	Bob Bobson	8015551212	bob@bobbobson.com	555 Main St	Boblandia	CT	10900	33	
dullestucker01	asdf	Bobby Bobson	8015551212	bob@bobbobson.com	555 Main St	Boblandia	CT	10900	33	
robbobson	asdf	Robert Bobson	8015551212	bob@bobbobson.com	303 Main St	Boblandia	CT	10900	33	
georgegeorgeson	asdf	George	Georgeson	8016661212	george@georgegeorgeson.com	555 L St	Georgelandia	CT	10900	36
lambsear	asdf	George Georgeson	8016661212	george@georgegeorgeson.com	555 L St	Georgelandia	CT	10900	36	
joegeorgeson	Joe Georgeson	8016661212	george@georgegeorgeson.com	555 L St	Georgelandia	CT	10900	36		
carlcarlson	asdf	Carl Carlson	8014441212	carl@carlcarlson.com	555 State St	Carllandia	CT	10900	44	
dullestucker02	asdf	Carls Carlson	8014441212	carl@carlcarlson.com	555 State St	Carllandia	CT	10900	44	
clartoncarlson	asdf	Carlton Carlson	8014441212	carl@carlcarlson.com	303 State St	Carllandia	CT	10900	44	
vicvickson	Vic Vickson	8013331212	vic@vicvickson.com	555 High St	Vicklandia	CT	10900	55		
dullestucker03	asdf	Vicker Vickson	8013331212	vic@vicvickson.com	555 High St	Vicklandia	CT	10900	55	
victorvickson	asdf	Victor Vickson	8013331212	vic@vicvickson.com	303 High St	Vicklandia	CT	10900	55	
caroldemure	Carol Demure	8012221212	carol@caroldemure.com	555 J St	Carollandia	CT	10900	66		
carolinedemure	asdf	Caroline Demure	8012221212	carol@caroldemure.com	303 J St	Carollandia	CT	10900	66	
jaymccardiovascular	asdf	Jay	McCardioVascular	8011111212	jay@exercisealot.com	555 K St	Cardiolandia	CT	10900	77
bobbobson	asdf	Bob Bobson	8015551212	bob@bobbobson.com	555 Main St	Boblandia	CT	10900	33	
dullestucker01	asdf	Bobby Bobson	8015551212	bob@bobbobson.com	555 Main St	Boblandia	CT	10900	33	
robbobson	asdf	Robert Bobson	8015551212	bob@bobbobson.com	303 Main St	Boblandia	CT	10900	33	
georgegeorgeson	asdf	George	Georgeson	8016661212	george@georgegeorgeson.com	555 L St	Georgelandia	CT	10900	36
lambsear	asdf	George Georgeson	8016661212	george@georgegeorgeson.com	555 L St	Georgelandia	CT	10900	36	
joegeorgeson	Joe Georgeson	8016661212	george@georgegeorgeson.com	555 L St	Georgelandia	CT	10900	36		
carlcarlson	asdf	Carl Carlson	8014441212	carl@carlcarlson.com	555 State St	Carllandia	CT	10900	44	
dullestucker02	asdf	Carls Carlson	8014441212	carl@carlcarlson.com	555 State St	Carllandia	CT	10900	44	
clartoncarlson	asdf	Carlton Carlson	8014441212	carl@carlcarlson.com	303 State St	Carllandia	CT	10900	44	
vicvickson	Vic Vickson	8013331212	vic@vicvickson.com	555 High St	Vicklandia	CT	10900	55		
dullestucker03	asdf	Vicker Vickson	8013331212	vic@vicvickson.com	555 High St	Vicklandia	CT	10900	55	
victorvickson	asdf	Victor Vickson	8013331212	vic@vicvickson.com	303 High St	Vicklandia	CT	10900	55	
caroldemure	Carol Demure	8012221212	carol@caroldemure.com	555 J St	Carollandia	CT	10900	66		
carolinedemure	asdf	Caroline Demure	8012221212	carol@caroldemure.com	303 J St	Carollandia	CT	10900	66	
jaymccardiovascular	asdf	Jay	McCardioVascular	8011111212	jay@exercisealot.com	555 K St	Cardiolandia	CT	10900	77
bobbobson	asdf	Bob Bobson	8015551212	bob@bobbobson.com	555 Main St	Boblandia	CT	10900	33	
dullestucker01	asdf	Bobby Bobson	8015551212	bob@bobbobson.com	555 Main St	Boblandia	CT	10900	33	
robbobson	asdf	Robert Bobson	8015551212	bob@bobbobson.com	303 Main St	Boblandia	CT	10900	33	
georgegeorgeson	asdf	George	Georgeson	8016661212	george@georgegeorgeson.com	555 L St	Georgelandia	CT	10900	36
lambsear	asdf	George Georgeson	8016661212	george@georgegeorgeson.com	555 L St	Georgelandia	CT	10900	36	
joegeorgeson	Joe Georgeson	8016661212	george@georgegeorgeson.com	555 L St	Georgelandia	CT	10900	36		
carlcarlson	asdf	Carl Carlson	8014441212	carl@carlcarlson.com	555 State St	Carllandia	CT	10900	44	
dullestucker02	asdf	Carls Carlson	8014441212	carl@carlcarlson.com	555 State St	Carllandia	CT	10900	44	
clartoncarlson	asdf	Carlton Carlson	8014441212	carl@carlcarlson.com	303 State St	Carllandia	CT	10900	44	
vicvickson	Vic Vickson	8013331212	vic@vicvickson.com	555 High St	Vicklandia	CT	10900	55		
dullestucker03	asdf	Vicker Vickson	8013331212	vic@vicvickson.com	555 High St	Vicklandia	CT	10900	55	
victorvickson	asdf	Victor Vickson	8013331212	vic@vicvickson.com	303 High St	Vicklandia	CT	10900	55	
caroldemure	Carol Demure	8012221212	carol@caroldemure.com	555 J St	Carollandia	CT	10900	66		
carolinedemure	asdf	Caroline Demure	8012221212	carol@caroldemure.com	303 J St	Carollandia	CT	10900	66	
jaymccardiovascular	asdf	Jay	McCardioVascular	8011111212	jay@exercisealot.com	555 K St	Cardiolandia	CT	10900	77
bobbobson	asdf	Bob Bobson	8015551212	bob@bobbobson.com	555 Main St	Boblandia	CT	10900	33	
dullestucker01	asdf	Bobby Bobson	8015551212	bob@bobbobson.com	555 Main St	Boblandia	CT	10900	33	
robbobson	asdf	Robert Bobson	8015551212	bob@bobbobson.com	303 Main St	Boblandia	CT	10900	33	
georgegeorgeson	asdf	George	Georgeson	8016661212	george@georgegeorgeson.com	555 L St	Georgelandia	CT	10900	36
lambsear	asdf	George Georgeson	8016661212	george@georgegeorgeson.com	555 L St	Georgelandia	CT	10900	36	
joegeorgeson	Joe Georgeson	8016661212	george@georgegeorgeson.com	555 L St	Georgelandia	CT	10900	36		
carlcarlson	asdf	Carl Carlson	8014441212	carl@carlcarlson.com	555 State St	Carllandia	CT	10900	44	
dullestucker02	asdf	Carls Carlson	8014441212	carl@carlcarlson.com	555 State St	Carllandia	CT	10900	44	
clartoncarlson	asdf	Carlton Carlson	8014441212	carl@carlcarlson.com	303 State St	Carllandia	CT	10900	44	
vicvickson	Vic Vickson	8013331212	vic@vicvickson.com	555 High St	Vicklandia	CT	10900	55		
dullestucker03	asdf	Vicker Vickson	8013331212	vic@vicvickson.com	555 High St	Vicklandia	CT	10900	55	
victorvickson	asdf	Victor Vickson	8013331212	vic@vicvickson.com	303 High St	Vicklandia	CT	10900	55	
caroldemure	Carol Demure	8012221212	carol@caroldemure.com	555 J St	Carollandia	CT	10900	66		
carolinedemure	asdf	Caroline Demure	8012221212	carol@caroldemure.com	303 J St	Carollandia	CT	10900	66	
jaymccardiovascular	asdf	Jay	McCardioVascular	8011111212	jay@exercisealot.com	555 K St	Cardiolandia	CT	10900	77
bobbobson	asdf	Bob Bobson	8015551212	bob@bobbobson.com	555 Main St	Boblandia	CT	10900	33	
dullestucker01	asdf	Bobby Bobson	8015551212	bob@bobbobson.com	555 Main St	Boblandia	CT	10900	33	
robbobson	asdf	Robert Bobson	8015551212	bob@bobbobson.com	303 Main St	Boblandia	CT	10900	33	
georgegeorgeson	asdf	George	Georgeson	8016661212	george@georgegeorgeson.com	555 L St	Georgelandia	CT	10900	36
lambsear	asdf	George Georgeson	8016661212	george@georgegeorgeson.com	555 L St	Georgelandia	CT	10900	36	
joegeorgeson	Joe Georgeson	8016661212	george@georgegeorgeson.com	555 L St	Georgelandia	CT	10900	36		
carlcarlson	asdf	Carl Carlson	8014441212	carl@carlcarlson.com	555 State St	Carllandia	CT	10900	44	
dullestucker02	asdf	Carls Carlson	8014441212	carl@carlcarlson.com	555 State St	Carllandia	CT	10900	44	
clartoncarlson	asdf	Carlton Carlson	8014441212	carl@carlcarlson.com	303 State St	Carllandia	CT	10900	44	
vicvickson	Vic Vickson	8013331212	vic@vicvickson.com	555 High St	Vicklandia	CT	10900	55		
dullestucker03	asdf	Vicker Vickson	8013331212	vic@vicvickson.com	555 High St	Vicklandia	CT	10900	55	
victorvickson	asdf	Victor Vickson	8013331212	vic@vicvickson.com	303 High St	Vicklandia	CT	10900	55	
caroldemure	Carol Demure	8012221212	carol@caroldemure.com	555 J St	Carollandia	CT	10900	66		
carolinedemure	asdf	Caroline Demure	8012221212	carol@caroldemure.com	303 J St	Carollandia	CT	10900	66	
jaymccardiovascular	asdf	Jay	McCardioVascular	8011111212	jay@exercisealot.com	555 K St	Cardiolandia	CT	10900	77
bobbobson	asdf	Bob Bobson	8015551212	bob@bobbobson.com	555 Main St	Boblandia	CT	10900	33	
dullestucker01	asdf	Bobby Bobson	8015551212	bob@bobbobson.com	555 Main St	Boblandia	CT	10900	33	
robbobson	asdf	Robert Bobson	8015551212	bob@bobbobson.com	303 Main St	Boblandia	CT	10900	33	
georgegeorgeson	asdf	George	Georgeson	8016661212	george@georgegeorgeson.com	555 L St	Georgelandia	CT	10900	36
lambsear	asdf	George Georgeson	8016661212	george@georgegeorgeson.com	555 L St	Georgelandia	CT	10900	36	
joegeorgeson	Joe Georgeson	8016661212	george@georgegeorgeson.com	555 L St	Georgelandia	CT	10900	36		
carlcarlson	asdf	Carl Carlson	8014441212	carl@carlcarlson.com	555 State St	Carllandia	CT	10900	44	
dullestucker02	asdf	Carls Carlson	8014441212	carl@carlcarlson.com	555 State St	Carllandia	CT	10900	44	
clartoncarlson	asdf	Carlton Carlson	8014441212	carl@carlcarlson.com	303 State St	Carllandia	CT	10900	44	
vicvickson	Vic Vickson	8013331212	vic@vicvickson.com	555 High St	Vicklandia	CT	10900	55		
dullestucker03	asdf	Vicker Vickson	8013331212	vic@vicvickson.com	555 High St	Vicklandia	CT	10900	55	
victorvickson	asdf	Victor Vickson	8013331212	vic@vicvickson.com	303 High St	Vicklandia	CT	10900	55	
caroldemure	Carol Demure	8012221212	carol@caroldemure.com	555 J St	Carollandia	CT	10900	66		
carolinedemure	asdf	Caroline Demure	8012221212	carol@caroldemure.com	303 J St	Carollandia	CT	10900	66	
jaymccardiovascular	asdf	Jay	McCardioVascular	8011111212	jay@exercisealot.com	555 K St	Cardiolandia	CT	10900	77
bobbobson	asdf	Bob Bobson	8015551212	bob@bobbobson.com	555 Main St	Boblandia	CT	10900	33	
dullestucker01	asdf	Bobby Bobson	8015551212	bob@bobbobson.com	555 Main St	Boblandia	CT	10900	33	
robbobson	asdf	Robert Bobson	8015551212	bob@bobbobson.com	303 Main St	Boblandia	CT	10900	33	
georgegeorgeson	asdf	George	Georgeson	8016661212	george@georgegeorgeson.com	555 L St	Georgelandia	CT	10900	36
lambsear	asdf	George Georgeson	8016661212	george@georgegeorgeson.com	555 L St	Georgelandia	CT	10900	36	
joegeorgeson	Joe Georgeson	8016661212	george@georgegeorgeson.com	555 L St	Georgelandia	CT	10900	36		
carlcarlson	asdf	Carl Carlson	8014441212	carl@carlcarlson.com	555 State St	Carllandia	CT	10900	44	
dullestucker02	asdf	Carls Carlson	8014441212	carl@carlcarlson.com	555 State St	Carllandia	CT	10900	44	
clartoncarlson	asdf	Carlton Carlson	8014441212	carl@carlcarlson.com	303 State St	Carllandia	CT	10900	44	
vicvickson	Vic Vickson	8013331212	vic@vicvickson.com	555 High St	Vicklandia	CT	10900	55		
dullestucker03	asdf	Vicker Vickson	8013331212	vic@vicvickson.com	555 High St	Vicklandia	CT	10900	55	
victorvickson	asdf	Victor Vickson	8013331212	vic@vicvickson.com	303 High St	Vicklandia	CT	10900	55	
caroldemure	Carol Demure	8012221212	carol@caroldemure.com	555 J St	Carollandia	CT	10900	66		
carolinedemure	asdf	Caroline Demure	8012221212	carol@caroldemure.com	303 J St	Carollandia	CT	10900	66	
jaymccardiovascular	asdf	Jay	McCardioVascular	8011111212	jay@exercisealot.com	555 K St	Cardiolandia	CT	10900	77
